[{"model": "admin.logentry", "pk": 6, "fields": {"action_time": "2025-06-21T01:45:04.949Z", "user": 2, "content_type": 31, "object_id": "1", "object_repr": "Photo for areos", "action_flag": 1, "change_message": "[{\"added\": {}}]"}}, {"model": "auth.permission", "pk": 1, "fields": {"name": "Can add log entry", "content_type": 1, "codename": "add_logentry"}}, {"model": "auth.permission", "pk": 2, "fields": {"name": "Can change log entry", "content_type": 1, "codename": "change_logentry"}}, {"model": "auth.permission", "pk": 3, "fields": {"name": "Can delete log entry", "content_type": 1, "codename": "delete_logentry"}}, {"model": "auth.permission", "pk": 4, "fields": {"name": "Can view log entry", "content_type": 1, "codename": "view_logentry"}}, {"model": "auth.permission", "pk": 5, "fields": {"name": "Can add permission", "content_type": 2, "codename": "add_permission"}}, {"model": "auth.permission", "pk": 6, "fields": {"name": "Can change permission", "content_type": 2, "codename": "change_permission"}}, {"model": "auth.permission", "pk": 7, "fields": {"name": "Can delete permission", "content_type": 2, "codename": "delete_permission"}}, {"model": "auth.permission", "pk": 8, "fields": {"name": "Can view permission", "content_type": 2, "codename": "view_permission"}}, {"model": "auth.permission", "pk": 9, "fields": {"name": "Can add group", "content_type": 3, "codename": "add_group"}}, {"model": "auth.permission", "pk": 10, "fields": {"name": "Can change group", "content_type": 3, "codename": "change_group"}}, {"model": "auth.permission", "pk": 11, "fields": {"name": "Can delete group", "content_type": 3, "codename": "delete_group"}}, {"model": "auth.permission", "pk": 12, "fields": {"name": "Can view group", "content_type": 3, "codename": "view_group"}}, {"model": "auth.permission", "pk": 13, "fields": {"name": "Can add user", "content_type": 4, "codename": "add_user"}}, {"model": "auth.permission", "pk": 14, "fields": {"name": "Can change user", "content_type": 4, "codename": "change_user"}}, {"model": "auth.permission", "pk": 15, "fields": {"name": "Can delete user", "content_type": 4, "codename": "delete_user"}}, {"model": "auth.permission", "pk": 16, "fields": {"name": "Can view user", "content_type": 4, "codename": "view_user"}}, {"model": "auth.permission", "pk": 17, "fields": {"name": "Can add content type", "content_type": 5, "codename": "add_contenttype"}}, {"model": "auth.permission", "pk": 18, "fields": {"name": "Can change content type", "content_type": 5, "codename": "change_contenttype"}}, {"model": "auth.permission", "pk": 19, "fields": {"name": "Can delete content type", "content_type": 5, "codename": "delete_contenttype"}}, {"model": "auth.permission", "pk": 20, "fields": {"name": "Can view content type", "content_type": 5, "codename": "view_contenttype"}}, {"model": "auth.permission", "pk": 21, "fields": {"name": "Can add session", "content_type": 6, "codename": "add_session"}}, {"model": "auth.permission", "pk": 22, "fields": {"name": "Can change session", "content_type": 6, "codename": "change_session"}}, {"model": "auth.permission", "pk": 23, "fields": {"name": "Can delete session", "content_type": 6, "codename": "delete_session"}}, {"model": "auth.permission", "pk": 24, "fields": {"name": "Can view session", "content_type": 6, "codename": "view_session"}}, {"model": "auth.permission", "pk": 25, "fields": {"name": "Can add tournament", "content_type": 7, "codename": "add_tournament"}}, {"model": "auth.permission", "pk": 26, "fields": {"name": "Can change tournament", "content_type": 7, "codename": "change_tournament"}}, {"model": "auth.permission", "pk": 27, "fields": {"name": "Can delete tournament", "content_type": 7, "codename": "delete_tournament"}}, {"model": "auth.permission", "pk": 28, "fields": {"name": "Can view tournament", "content_type": 7, "codename": "view_tournament"}}, {"model": "auth.permission", "pk": 29, "fields": {"name": "Can add round", "content_type": 8, "codename": "add_round"}}, {"model": "auth.permission", "pk": 30, "fields": {"name": "Can change round", "content_type": 8, "codename": "change_round"}}, {"model": "auth.permission", "pk": 31, "fields": {"name": "Can delete round", "content_type": 8, "codename": "delete_round"}}, {"model": "auth.permission", "pk": 32, "fields": {"name": "Can view round", "content_type": 8, "codename": "view_round"}}, {"model": "auth.permission", "pk": 33, "fields": {"name": "Can add tournament team", "content_type": 9, "codename": "add_tournamentteam"}}, {"model": "auth.permission", "pk": 34, "fields": {"name": "Can change tournament team", "content_type": 9, "codename": "change_tournamentteam"}}, {"model": "auth.permission", "pk": 35, "fields": {"name": "Can delete tournament team", "content_type": 9, "codename": "delete_tournamentteam"}}, {"model": "auth.permission", "pk": 36, "fields": {"name": "Can view tournament team", "content_type": 9, "codename": "view_tournamentteam"}}, {"model": "auth.permission", "pk": 37, "fields": {"name": "Can add bracket", "content_type": 10, "codename": "add_bracket"}}, {"model": "auth.permission", "pk": 38, "fields": {"name": "Can change bracket", "content_type": 10, "codename": "change_bracket"}}, {"model": "auth.permission", "pk": 39, "fields": {"name": "Can delete bracket", "content_type": 10, "codename": "delete_bracket"}}, {"model": "auth.permission", "pk": 40, "fields": {"name": "Can view bracket", "content_type": 10, "codename": "view_bracket"}}, {"model": "auth.permission", "pk": 41, "fields": {"name": "Can add tournament court", "content_type": 11, "codename": "add_tournamentcourt"}}, {"model": "auth.permission", "pk": 42, "fields": {"name": "Can change tournament court", "content_type": 11, "codename": "change_tournamentcourt"}}, {"model": "auth.permission", "pk": 43, "fields": {"name": "Can delete tournament court", "content_type": 11, "codename": "delete_tournamentcourt"}}, {"model": "auth.permission", "pk": 44, "fields": {"name": "Can view tournament court", "content_type": 11, "codename": "view_tournamentcourt"}}, {"model": "auth.permission", "pk": 45, "fields": {"name": "Can add stage", "content_type": 12, "codename": "add_stage"}}, {"model": "auth.permission", "pk": 46, "fields": {"name": "Can change stage", "content_type": 12, "codename": "change_stage"}}, {"model": "auth.permission", "pk": 47, "fields": {"name": "Can delete stage", "content_type": 12, "codename": "delete_stage"}}, {"model": "auth.permission", "pk": 48, "fields": {"name": "Can view stage", "content_type": 12, "codename": "view_stage"}}, {"model": "auth.permission", "pk": 49, "fields": {"name": "Can add match", "content_type": 13, "codename": "add_match"}}, {"model": "auth.permission", "pk": 50, "fields": {"name": "Can change match", "content_type": 13, "codename": "change_match"}}, {"model": "auth.permission", "pk": 51, "fields": {"name": "Can delete match", "content_type": 13, "codename": "delete_match"}}, {"model": "auth.permission", "pk": 52, "fields": {"name": "Can view match", "content_type": 13, "codename": "view_match"}}, {"model": "auth.permission", "pk": 53, "fields": {"name": "Can add match result", "content_type": 14, "codename": "add_matchresult"}}, {"model": "auth.permission", "pk": 54, "fields": {"name": "Can change match result", "content_type": 14, "codename": "change_matchresult"}}, {"model": "auth.permission", "pk": 55, "fields": {"name": "Can delete match result", "content_type": 14, "codename": "delete_matchresult"}}, {"model": "auth.permission", "pk": 56, "fields": {"name": "Can view match result", "content_type": 14, "codename": "view_matchresult"}}, {"model": "auth.permission", "pk": 57, "fields": {"name": "Can add next opponent request", "content_type": 15, "codename": "add_nextopponentrequest"}}, {"model": "auth.permission", "pk": 58, "fields": {"name": "Can change next opponent request", "content_type": 15, "codename": "change_nextopponentrequest"}}, {"model": "auth.permission", "pk": 59, "fields": {"name": "Can delete next opponent request", "content_type": 15, "codename": "delete_nextopponentrequest"}}, {"model": "auth.permission", "pk": 60, "fields": {"name": "Can view next opponent request", "content_type": 15, "codename": "view_nextopponentrequest"}}, {"model": "auth.permission", "pk": 61, "fields": {"name": "Can add match activation", "content_type": 16, "codename": "add_matchactivation"}}, {"model": "auth.permission", "pk": 62, "fields": {"name": "Can change match activation", "content_type": 16, "codename": "change_matchactivation"}}, {"model": "auth.permission", "pk": 63, "fields": {"name": "Can delete match activation", "content_type": 16, "codename": "delete_matchactivation"}}, {"model": "auth.permission", "pk": 64, "fields": {"name": "Can view match activation", "content_type": 16, "codename": "view_matchactivation"}}, {"model": "auth.permission", "pk": 65, "fields": {"name": "Can add match player", "content_type": 17, "codename": "add_matchplayer"}}, {"model": "auth.permission", "pk": 66, "fields": {"name": "Can change match player", "content_type": 17, "codename": "change_matchplayer"}}, {"model": "auth.permission", "pk": 67, "fields": {"name": "Can delete match player", "content_type": 17, "codename": "delete_matchplayer"}}, {"model": "auth.permission", "pk": 68, "fields": {"name": "Can view match player", "content_type": 17, "codename": "view_matchplayer"}}, {"model": "auth.permission", "pk": 69, "fields": {"name": "Can add team", "content_type": 18, "codename": "add_team"}}, {"model": "auth.permission", "pk": 70, "fields": {"name": "Can change team", "content_type": 18, "codename": "change_team"}}, {"model": "auth.permission", "pk": 71, "fields": {"name": "Can delete team", "content_type": 18, "codename": "delete_team"}}, {"model": "auth.permission", "pk": 72, "fields": {"name": "Can view team", "content_type": 18, "codename": "view_team"}}, {"model": "auth.permission", "pk": 73, "fields": {"name": "Can add player", "content_type": 19, "codename": "add_player"}}, {"model": "auth.permission", "pk": 74, "fields": {"name": "Can change player", "content_type": 19, "codename": "change_player"}}, {"model": "auth.permission", "pk": 75, "fields": {"name": "Can delete player", "content_type": 19, "codename": "delete_player"}}, {"model": "auth.permission", "pk": 76, "fields": {"name": "Can view player", "content_type": 19, "codename": "view_player"}}, {"model": "auth.permission", "pk": 77, "fields": {"name": "Can add team availability", "content_type": 20, "codename": "add_teamavailability"}}, {"model": "auth.permission", "pk": 78, "fields": {"name": "Can change team availability", "content_type": 20, "codename": "change_teamavailability"}}, {"model": "auth.permission", "pk": 79, "fields": {"name": "Can delete team availability", "content_type": 20, "codename": "delete_teamavailability"}}, {"model": "auth.permission", "pk": 80, "fields": {"name": "Can view team availability", "content_type": 20, "codename": "view_teamavailability"}}, {"model": "auth.permission", "pk": 81, "fields": {"name": "Can add player profile", "content_type": 21, "codename": "add_playerprofile"}}, {"model": "auth.permission", "pk": 82, "fields": {"name": "Can change player profile", "content_type": 21, "codename": "change_playerprofile"}}, {"model": "auth.permission", "pk": 83, "fields": {"name": "Can delete player profile", "content_type": 21, "codename": "delete_playerprofile"}}, {"model": "auth.permission", "pk": 84, "fields": {"name": "Can view player profile", "content_type": 21, "codename": "view_playerprofile"}}, {"model": "auth.permission", "pk": 85, "fields": {"name": "Can add Team Profile", "content_type": 22, "codename": "add_teamprofile"}}, {"model": "auth.permission", "pk": 86, "fields": {"name": "Can change Team Profile", "content_type": 22, "codename": "change_teamprofile"}}, {"model": "auth.permission", "pk": 87, "fields": {"name": "Can delete Team Profile", "content_type": 22, "codename": "delete_teamprofile"}}, {"model": "auth.permission", "pk": 88, "fields": {"name": "Can view Team Profile", "content_type": 22, "codename": "view_teamprofile"}}, {"model": "auth.permission", "pk": 89, "fields": {"name": "Can add sub team", "content_type": 23, "codename": "add_subteam"}}, {"model": "auth.permission", "pk": 90, "fields": {"name": "Can change sub team", "content_type": 23, "codename": "change_subteam"}}, {"model": "auth.permission", "pk": 91, "fields": {"name": "Can delete sub team", "content_type": 23, "codename": "delete_subteam"}}, {"model": "auth.permission", "pk": 92, "fields": {"name": "Can view sub team", "content_type": 23, "codename": "view_subteam"}}, {"model": "auth.permission", "pk": 93, "fields": {"name": "Can add sub team player assignment", "content_type": 24, "codename": "add_subteamplayerassignment"}}, {"model": "auth.permission", "pk": 94, "fields": {"name": "Can change sub team player assignment", "content_type": 24, "codename": "change_subteamplayerassignment"}}, {"model": "auth.permission", "pk": 95, "fields": {"name": "Can delete sub team player assignment", "content_type": 24, "codename": "delete_subteamplayerassignment"}}, {"model": "auth.permission", "pk": 96, "fields": {"name": "Can view sub team player assignment", "content_type": 24, "codename": "view_subteamplayerassignment"}}, {"model": "auth.permission", "pk": 97, "fields": {"name": "Can add leaderboard", "content_type": 25, "codename": "add_leaderboard"}}, {"model": "auth.permission", "pk": 98, "fields": {"name": "Can change leaderboard", "content_type": 25, "codename": "change_leaderboard"}}, {"model": "auth.permission", "pk": 99, "fields": {"name": "Can delete leaderboard", "content_type": 25, "codename": "delete_leaderboard"}}, {"model": "auth.permission", "pk": 100, "fields": {"name": "Can view leaderboard", "content_type": 25, "codename": "view_leaderboard"}}, {"model": "auth.permission", "pk": 101, "fields": {"name": "Can add match statistics", "content_type": 26, "codename": "add_matchstatistics"}}, {"model": "auth.permission", "pk": 102, "fields": {"name": "Can change match statistics", "content_type": 26, "codename": "change_matchstatistics"}}, {"model": "auth.permission", "pk": 103, "fields": {"name": "Can delete match statistics", "content_type": 26, "codename": "delete_matchstatistics"}}, {"model": "auth.permission", "pk": 104, "fields": {"name": "Can view match statistics", "content_type": 26, "codename": "view_matchstatistics"}}, {"model": "auth.permission", "pk": 105, "fields": {"name": "Can add team statistics", "content_type": 27, "codename": "add_teamstatistics"}}, {"model": "auth.permission", "pk": 106, "fields": {"name": "Can change team statistics", "content_type": 27, "codename": "change_teamstatistics"}}, {"model": "auth.permission", "pk": 107, "fields": {"name": "Can delete team statistics", "content_type": 27, "codename": "delete_teamstatistics"}}, {"model": "auth.permission", "pk": 108, "fields": {"name": "Can view team statistics", "content_type": 27, "codename": "view_teamstatistics"}}, {"model": "auth.permission", "pk": 109, "fields": {"name": "Can add leaderboard entry", "content_type": 28, "codename": "add_leaderboardentry"}}, {"model": "auth.permission", "pk": 110, "fields": {"name": "Can change leaderboard entry", "content_type": 28, "codename": "change_leaderboardentry"}}, {"model": "auth.permission", "pk": 111, "fields": {"name": "Can delete leaderboard entry", "content_type": 28, "codename": "delete_leaderboardentry"}}, {"model": "auth.permission", "pk": 112, "fields": {"name": "Can view leaderboard entry", "content_type": 28, "codename": "view_leaderboardentry"}}, {"model": "auth.permission", "pk": 113, "fields": {"name": "Can add court", "content_type": 29, "codename": "add_court"}}, {"model": "auth.permission", "pk": 114, "fields": {"name": "Can change court", "content_type": 29, "codename": "change_court"}}, {"model": "auth.permission", "pk": 115, "fields": {"name": "Can delete court", "content_type": 29, "codename": "delete_court"}}, {"model": "auth.permission", "pk": 116, "fields": {"name": "Can view court", "content_type": 29, "codename": "view_court"}}, {"model": "auth.permission", "pk": 117, "fields": {"name": "Can add court complex", "content_type": 30, "codename": "add_courtcomplex"}}, {"model": "auth.permission", "pk": 118, "fields": {"name": "Can change court complex", "content_type": 30, "codename": "change_courtcomplex"}}, {"model": "auth.permission", "pk": 119, "fields": {"name": "Can delete court complex", "content_type": 30, "codename": "delete_courtcomplex"}}, {"model": "auth.permission", "pk": 120, "fields": {"name": "Can view court complex", "content_type": 30, "codename": "view_courtcomplex"}}, {"model": "auth.permission", "pk": 121, "fields": {"name": "Can add court complex photo", "content_type": 31, "codename": "add_courtcomplexphoto"}}, {"model": "auth.permission", "pk": 122, "fields": {"name": "Can change court complex photo", "content_type": 31, "codename": "change_courtcomplexphoto"}}, {"model": "auth.permission", "pk": 123, "fields": {"name": "Can delete court complex photo", "content_type": 31, "codename": "delete_courtcomplexphoto"}}, {"model": "auth.permission", "pk": 124, "fields": {"name": "Can view court complex photo", "content_type": 31, "codename": "view_courtcomplexphoto"}}, {"model": "auth.permission", "pk": 125, "fields": {"name": "Can add court complex rating", "content_type": 32, "codename": "add_courtcomplexrating"}}, {"model": "auth.permission", "pk": 126, "fields": {"name": "Can change court complex rating", "content_type": 32, "codename": "change_courtcomplexrating"}}, {"model": "auth.permission", "pk": 127, "fields": {"name": "Can delete court complex rating", "content_type": 32, "codename": "delete_courtcomplexrating"}}, {"model": "auth.permission", "pk": 128, "fields": {"name": "Can view court complex rating", "content_type": 32, "codename": "view_courtcomplexrating"}}, {"model": "auth.permission", "pk": 129, "fields": {"name": "Can add team tournament signin", "content_type": 33, "codename": "add_teamtournamentsignin"}}, {"model": "auth.permission", "pk": 130, "fields": {"name": "Can change team tournament signin", "content_type": 33, "codename": "change_teamtournamentsignin"}}, {"model": "auth.permission", "pk": 131, "fields": {"name": "Can delete team tournament signin", "content_type": 33, "codename": "delete_teamtournamentsignin"}}, {"model": "auth.permission", "pk": 132, "fields": {"name": "Can view team tournament signin", "content_type": 33, "codename": "view_teamtournamentsignin"}}, {"model": "auth.permission", "pk": 133, "fields": {"name": "Can add Billboard Settings", "content_type": 34, "codename": "add_billboardsettings"}}, {"model": "auth.permission", "pk": 134, "fields": {"name": "Can change Billboard Settings", "content_type": 34, "codename": "change_billboardsettings"}}, {"model": "auth.permission", "pk": 135, "fields": {"name": "Can delete Billboard Settings", "content_type": 34, "codename": "delete_billboardsettings"}}, {"model": "auth.permission", "pk": 136, "fields": {"name": "Can view Billboard Settings", "content_type": 34, "codename": "view_billboardsettings"}}, {"model": "auth.permission", "pk": 137, "fields": {"name": "Can add Billboard Entry", "content_type": 35, "codename": "add_billboardentry"}}, {"model": "auth.permission", "pk": 138, "fields": {"name": "Can change Billboard Entry", "content_type": 35, "codename": "change_billboardentry"}}, {"model": "auth.permission", "pk": 139, "fields": {"name": "Can delete Billboard Entry", "content_type": 35, "codename": "delete_billboardentry"}}, {"model": "auth.permission", "pk": 140, "fields": {"name": "Can view Billboard Entry", "content_type": 35, "codename": "view_billboardentry"}}, {"model": "auth.permission", "pk": 141, "fields": {"name": "Can add Billboard Response", "content_type": 36, "codename": "add_billboardresponse"}}, {"model": "auth.permission", "pk": 142, "fields": {"name": "Can change Billboard Response", "content_type": 36, "codename": "change_billboardresponse"}}, {"model": "auth.permission", "pk": 143, "fields": {"name": "Can delete Billboard Response", "content_type": 36, "codename": "delete_billboardresponse"}}, {"model": "auth.permission", "pk": 144, "fields": {"name": "Can view Billboard Response", "content_type": 36, "codename": "view_billboardresponse"}}, {"model": "auth.permission", "pk": 145, "fields": {"name": "Can add Player Codename", "content_type": 37, "codename": "add_playercodename"}}, {"model": "auth.permission", "pk": 146, "fields": {"name": "Can change Player Codename", "content_type": 37, "codename": "change_playercodename"}}, {"model": "auth.permission", "pk": 147, "fields": {"name": "Can delete Player Codename", "content_type": 37, "codename": "delete_playercodename"}}, {"model": "auth.permission", "pk": 148, "fields": {"name": "Can view Player Codename", "content_type": 37, "codename": "view_playercodename"}}, {"model": "auth.permission", "pk": 149, "fields": {"name": "Can add Friendly Game", "content_type": 38, "codename": "add_friendlygame"}}, {"model": "auth.permission", "pk": 150, "fields": {"name": "Can change Friendly Game", "content_type": 38, "codename": "change_friendlygame"}}, {"model": "auth.permission", "pk": 151, "fields": {"name": "Can delete Friendly Game", "content_type": 38, "codename": "delete_friendlygame"}}, {"model": "auth.permission", "pk": 152, "fields": {"name": "Can view Friendly Game", "content_type": 38, "codename": "view_friendlygame"}}, {"model": "auth.permission", "pk": 153, "fields": {"name": "Can add Friendly Game Statistics", "content_type": 39, "codename": "add_friendlygamestatistics"}}, {"model": "auth.permission", "pk": 154, "fields": {"name": "Can change Friendly Game Statistics", "content_type": 39, "codename": "change_friendlygamestatistics"}}, {"model": "auth.permission", "pk": 155, "fields": {"name": "Can delete Friendly Game Statistics", "content_type": 39, "codename": "delete_friendlygamestatistics"}}, {"model": "auth.permission", "pk": 156, "fields": {"name": "Can view Friendly Game Statistics", "content_type": 39, "codename": "view_friendlygamestatistics"}}, {"model": "auth.permission", "pk": 157, "fields": {"name": "Can add Friendly Game Player", "content_type": 40, "codename": "add_friendlygameplayer"}}, {"model": "auth.permission", "pk": 158, "fields": {"name": "Can change Friendly Game Player", "content_type": 40, "codename": "change_friendlygameplayer"}}, {"model": "auth.permission", "pk": 159, "fields": {"name": "Can delete Friendly Game Player", "content_type": 40, "codename": "delete_friendlygameplayer"}}, {"model": "auth.permission", "pk": 160, "fields": {"name": "Can view Friendly Game Player", "content_type": 40, "codename": "view_friendlygameplayer"}}, {"model": "auth.permission", "pk": 161, "fields": {"name": "Can add Friendly Game Result", "content_type": 41, "codename": "add_friendlygameresult"}}, {"model": "auth.permission", "pk": 162, "fields": {"name": "Can change Friendly Game Result", "content_type": 41, "codename": "change_friendlygameresult"}}, {"model": "auth.permission", "pk": 163, "fields": {"name": "Can delete Friendly Game Result", "content_type": 41, "codename": "delete_friendlygameresult"}}, {"model": "auth.permission", "pk": 164, "fields": {"name": "Can view Friendly Game Result", "content_type": 41, "codename": "view_friendlygameresult"}}, {"model": "auth.user", "pk": 2, "fields": {"password": "pbkdf2_sha256$1000000$b38lDzWB8XXE8K1CqmJtEI$F3jWICSkQDntd26Bdc4+pzKKOaejQXV3iQR3HdzkbPQ=", "last_login": "2025-06-27T10:28:58.456Z", "is_superuser": true, "username": "admin", "first_name": "", "last_name": "", "email": "admin@example.com", "is_staff": true, "is_active": true, "date_joined": "2025-06-20T23:26:28.741Z", "groups": [], "user_permissions": []}}, {"model": "contenttypes.contenttype", "pk": 1, "fields": {"app_label": "admin", "model": "logentry"}}, {"model": "contenttypes.contenttype", "pk": 2, "fields": {"app_label": "auth", "model": "permission"}}, {"model": "contenttypes.contenttype", "pk": 3, "fields": {"app_label": "auth", "model": "group"}}, {"model": "contenttypes.contenttype", "pk": 4, "fields": {"app_label": "auth", "model": "user"}}, {"model": "contenttypes.contenttype", "pk": 5, "fields": {"app_label": "contenttypes", "model": "contenttype"}}, {"model": "contenttypes.contenttype", "pk": 6, "fields": {"app_label": "sessions", "model": "session"}}, {"model": "contenttypes.contenttype", "pk": 7, "fields": {"app_label": "tournaments", "model": "tournament"}}, {"model": "contenttypes.contenttype", "pk": 8, "fields": {"app_label": "tournaments", "model": "round"}}, {"model": "contenttypes.contenttype", "pk": 9, "fields": {"app_label": "tournaments", "model": "tournamentteam"}}, {"model": "contenttypes.contenttype", "pk": 10, "fields": {"app_label": "tournaments", "model": "bracket"}}, {"model": "contenttypes.contenttype", "pk": 11, "fields": {"app_label": "tournaments", "model": "tournamentcourt"}}, {"model": "contenttypes.contenttype", "pk": 12, "fields": {"app_label": "tournaments", "model": "stage"}}, {"model": "contenttypes.contenttype", "pk": 13, "fields": {"app_label": "matches", "model": "match"}}, {"model": "contenttypes.contenttype", "pk": 14, "fields": {"app_label": "matches", "model": "matchresult"}}, {"model": "contenttypes.contenttype", "pk": 15, "fields": {"app_label": "matches", "model": "nextopponentrequest"}}, {"model": "contenttypes.contenttype", "pk": 16, "fields": {"app_label": "matches", "model": "matchactivation"}}, {"model": "contenttypes.contenttype", "pk": 17, "fields": {"app_label": "matches", "model": "matchplayer"}}, {"model": "contenttypes.contenttype", "pk": 18, "fields": {"app_label": "teams", "model": "team"}}, {"model": "contenttypes.contenttype", "pk": 19, "fields": {"app_label": "teams", "model": "player"}}, {"model": "contenttypes.contenttype", "pk": 20, "fields": {"app_label": "teams", "model": "teamavailability"}}, {"model": "contenttypes.contenttype", "pk": 21, "fields": {"app_label": "teams", "model": "playerprofile"}}, {"model": "contenttypes.contenttype", "pk": 22, "fields": {"app_label": "teams", "model": "teamprofile"}}, {"model": "contenttypes.contenttype", "pk": 23, "fields": {"app_label": "teams", "model": "subteam"}}, {"model": "contenttypes.contenttype", "pk": 24, "fields": {"app_label": "teams", "model": "subteamplayerassignment"}}, {"model": "contenttypes.contenttype", "pk": 25, "fields": {"app_label": "leaderboards", "model": "leaderboard"}}, {"model": "contenttypes.contenttype", "pk": 26, "fields": {"app_label": "leaderboards", "model": "matchstatistics"}}, {"model": "contenttypes.contenttype", "pk": 27, "fields": {"app_label": "leaderboards", "model": "teamstatistics"}}, {"model": "contenttypes.contenttype", "pk": 28, "fields": {"app_label": "leaderboards", "model": "leaderboardentry"}}, {"model": "contenttypes.contenttype", "pk": 29, "fields": {"app_label": "courts", "model": "court"}}, {"model": "contenttypes.contenttype", "pk": 30, "fields": {"app_label": "courts", "model": "courtcomplex"}}, {"model": "contenttypes.contenttype", "pk": 31, "fields": {"app_label": "courts", "model": "courtcomplexphoto"}}, {"model": "contenttypes.contenttype", "pk": 32, "fields": {"app_label": "courts", "model": "courtcomplexrating"}}, {"model": "contenttypes.contenttype", "pk": 33, "fields": {"app_label": "signin", "model": "teamtournamentsignin"}}, {"model": "contenttypes.contenttype", "pk": 34, "fields": {"app_label": "billboard", "model": "billboardsettings"}}, {"model": "contenttypes.contenttype", "pk": 35, "fields": {"app_label": "billboard", "model": "billboardentry"}}, {"model": "contenttypes.contenttype", "pk": 36, "fields": {"app_label": "billboard", "model": "billboardresponse"}}, {"model": "contenttypes.contenttype", "pk": 37, "fields": {"app_label": "friendly_games", "model": "playercodename"}}, {"model": "contenttypes.contenttype", "pk": 38, "fields": {"app_label": "friendly_games", "model": "friendlygame"}}, {"model": "contenttypes.contenttype", "pk": 39, "fields": {"app_label": "friendly_games", "model": "friendlygamestatistics"}}, {"model": "contenttypes.contenttype", "pk": 40, "fields": {"app_label": "friendly_games", "model": "friendlygameplayer"}}, {"model": "contenttypes.contenttype", "pk": 41, "fields": {"app_label": "friendly_games", "model": "friendlygameresult"}}, {"model": "sessions.session", "pk": "008p7fyl1se7jsh4jnejy4mfxrq6azq0", "fields": {"session_data": "eyJfY3NyZnRva2VuIjoiallwdGVWR3ZKUDZ4dmdDbWZRRUFTYjJtWVFiS1FIblAifQ:1uV2OE:jiv1oBioQ23N1bGbTb12RDjVYqVRTsgKmYhWMO5bmxM", "expire_date": "2025-07-11T06:16:46.522Z"}}, {"model": "sessions.session", "pk": "0axjvoin5t8c7mds54o5ey8gig5aaoww", "fields": {"session_data": "eyJfY3NyZnRva2VuIjoicUhSNU5xVk5uaVV3dzVqaEVaNkd1akthYnRnbFlHUG8ifQ:1uV2OQ:vni7xqpOJdwFFRhTZMY-E7DbyMr5cN-05j6G0kjc2ok", "expire_date": "2025-07-11T06:16:58.102Z"}}, {"model": "sessions.session", "pk": "0rq5gtbhpx0jg1jyriiyvm7xbd33cpi6", "fields": {"session_data": "eyJfY3NyZnRva2VuIjoiTVhhSkJ3NEtWM1pwelR4TGt4TjNvQ2VvcENsSGxVVGwifQ:1uSelC:c4jI054c_ffF5GKi6z09wlGP66BGKF9hdhiWqCTX0bs", "expire_date": "2025-07-04T16:38:38.932Z"}}, {"model": "sessions.session", "pk": "1kscwd5m3impn1darhaadfu8trkwdocw", "fields": {"session_data": "eyJfY3NyZnRva2VuIjoiTmdYR0l1d05BdFlXMHZxYVhKU0tRdHhMNEJZQTFQcm0ifQ:1uV2OE:afQ3HlhigG5L-8LEvLkVfOVNTlYIlpfW1eufHsaURGU", "expire_date": "2025-07-11T06:16:46.762Z"}}, {"model": "sessions.session", "pk": "1ubut1a4n1e6s2xjksaztum8mjuyinzt", "fields": {"session_data": "eyJfY3NyZnRva2VuIjoiRkprQnZ6b2pOU1FJd3ZpN09aaTlkMmlRZTJPYXJmbUsifQ:1uSdbj:-ACXOFzAXLn2lv6wD6sxkkU4hr_hwrUedElOlzpsXz4", "expire_date": "2025-07-04T15:24:47.214Z"}}, {"model": "sessions.session", "pk": "27uxwxaxrwvbl51ogc82di8vxcdxe7t5", "fields": {"session_data": "eyJfY3NyZnRva2VuIjoiVDJPN1hYUUpJd3FXWVlwSWVmdWU0VHBBblVET2h0SXEifQ:1uSn3Q:kSQ_06XOyju75w-n2CNRto1b21d4MIeykO_KAI5_Gow", "expire_date": "2025-07-05T01:30:00.139Z"}}, {"model": "sessions.session", "pk": "2k6m5j3p8hba3nwx7jumielx0xix7hi6", "fields": {"session_data": "eyJfY3NyZnRva2VuIjoid1p4d200dzNPQVZaZmJPcnVEVDdIS2t4VVh3VmNoTWEifQ:1uSer7:jYYdtBNeusHfnZj9ycgBqs-W5b9_-pTdy5T7Y2A5YR4", "expire_date": "2025-07-04T16:44:45.695Z"}}, {"model": "sessions.session", "pk": "3knl15xdzf1f07l6e2n4brd7uuua64fu", "fields": {"session_data": ".eJw9jV0LgjAYRv_LbtN43VBrd2nehCWi0eWYumTkR7kpWfTfE7HuDs_h8LwRy1V31e1NNIiiTFvxmHi9dxj88LwNk6czlFkcJfyhXqR3kYHuFR9Fx_K2EA2vxRT50T4AMqnfxqq2lA3TctYYsG2CY2I3hQ0FTDFZg01cy10BUIApVEIp2TaM51oOU6O7XvyfZIEoMZAWvJ4ZL7y8n4JLGuyO6PMFEIo_6w:1uV42R:cgfwXlOqJOdJsKI2r8IFgbsrazNd5PVE5XkrLkBkNe8", "expire_date": "2025-07-11T08:02:23.054Z"}}, {"model": "sessions.session", "pk": "4f3hznr1c01lcsmni4q0j6mg3x9tn616", "fields": {"session_data": ".eJw9jUEOgjAURK9iuhXMp1UIXapAXIFRF64aAl_TCEXbaiDGu9sQdDczLy_zJqIy-mK7GyrCiT0lp4vGc16s2bXepapgUb8_9MUDsmdBLfHIvSkH1KLqalRli07a5NsEAod-m2i6q1TCyhFToCsfQp9GRwh5sOQ0XjAWhyyeA3AAJxo0RnZKlJWVL-dY_cT_k6wJpx6xWLZjDqY8vadaoqqbYZa5bsjnC7KdQuA:1uV2M1:-2dfZsDgRZUTxYWYcJK_UNA8ajGboSfQzqKo-qcNrwc", "expire_date": "2025-07-11T06:14:29.340Z"}}, {"model": "sessions.session", "pk": "4kdudlb64s37u879e0dxhk5gj3zqneae", "fields": {"session_data": "eyJfY3NyZnRva2VuIjoiT1JWdjBBcGNVSGY5aGdDWVRHYzhzaFFidExuSHRKME4ifQ:1uV2GG:AELvnFCmCsqsi-FA6fyjT01_ukXjQqvTwtdrcE9D5GI", "expire_date": "2025-07-11T06:08:32.154Z"}}, {"model": "sessions.session", "pk": "4z2mau4u8fnq7734hxig86cfept6sp0a", "fields": {"session_data": "eyJfY3NyZnRva2VuIjoic0d5V2paMm9jNUx3REx2RHltSDk2dXVKbXJIVzg5aGoifQ:1uTFUe:rLwFEefdB4yKSFlnfaPZoFrblsK50RYrLzenI-eW61Q", "expire_date": "2025-07-06T07:52:00.328Z"}}, {"model": "sessions.session", "pk": "4zbcmpco6myug6lj5it6pabqq0bjbu04", "fields": {"session_data": "eyJfY3NyZnRva2VuIjoib1EyZnV1bzFSYjhJUDRkWTZvQnZ2cjlOamdVd0hveXUifQ:1uSn3Q:JNE7BQef-o2V-rfHDpD725pHtWOTAujMnPWGAutjZ6o", "expire_date": "2025-07-05T01:30:00.169Z"}}, {"model": "sessions.session", "pk": "4zgvksrh03ds080w7pwt3h5s9iamo0kj", "fields": {"session_data": "eyJfY3NyZnRva2VuIjoiRDNRdzU3aTlPVWtaQWtqZW1wbTViMEhWTDZhU1BWOUQifQ:1uSmxu:4iqoRnKiamS5bkQqWbry_75Qxa-ag_Cc6fkQk6u9Rww", "expire_date": "2025-07-05T01:24:18.942Z"}}, {"model": "sessions.session", "pk": "5bnec9ug4vwzw1601j6rrr2cxjsdwt82", "fields": {"session_data": "eyJfY3NyZnRva2VuIjoidUJmWTdHWVMzTUpvQ0VCR1dDTm1WY0JaMVdrOWpJQ3UifQ:1uTFvs:oG0uQXaWXFBvvsWb4Cbu-LB_6C0iUiG0gDpMjPWzcdI", "expire_date": "2025-07-06T08:20:08.947Z"}}, {"model": "sessions.session", "pk": "5htiuhe9dzkj55z3x9bthc9140e2w471", "fields": {"session_data": "eyJfY3NyZnRva2VuIjoidXByb1U4Z2d0ZlRINlpFOUtJWnRraWVONml2VnFoWTIifQ:1uT14i:7BAA2ydTqOVNlqhyAwle2jORPVm4KiGDaCjqb0fkyLg", "expire_date": "2025-07-05T16:28:16.496Z"}}, {"model": "sessions.session", "pk": "65ztrpp42erfjc066c40xno0opofvizl", "fields": {"session_data": ".eJxFjNEKgjAYhd9lt2n8bExpd-XEqwpEsLsxdMVSt5pLkOjdG2J0dzjf-c4biWZ0V287ZRBDGfelIfhwybviSex8r8FM3MldWbQ84xWK0KOXs3JCt4iRCHklhyXjNRs5qHB0yusq3x__-8a2amXZmedAAvp1orc3bYTXC8aAaQxJjNMKKKOUYbIlhCYk3QAwgCCOahy1NUI2Xk_B8e6lPl_Zyz9b:1uV23X:HniVd6Din_100wgTc43e75UhCmgCQPFPvCJenHnPx5U", "expire_date": "2025-07-11T05:55:23.336Z"}}, {"model": "sessions.session", "pk": "691rfh224zpglzlnhibrb0w28tbmryyh", "fields": {"session_data": "eyJfY3NyZnRva2VuIjoiWkZvNlhCb0VyYjVGVlUzTHpRZ0thYnZMYVI4WUlaNEwifQ:1uT100:T807jkxpyJPiO0JcEnLXyT0KbiRGUKpZT31QONl1esU", "expire_date": "2025-07-05T16:23:24.252Z"}}, {"model": "sessions.session", "pk": "6ejmtju4tlv02m0ubjw24gw6xk3cpgup", "fields": {"session_data": "eyJfY3NyZnRva2VuIjoiY3dtSzNielRhQkFsNHp3VXBnb0w5VEtxWnlSaHpYUTQifQ:1uV6Mn:0jrmpgqqYvbyUY7EZRYnkyTmQDFuMAgru50z4TOOQbY", "expire_date": "2025-07-11T10:31:33.506Z"}}, {"model": "sessions.session", "pk": "6gpjkcklp8unoncv1cipqn7urumb90hv", "fields": {"session_data": "eyJfY3NyZnRva2VuIjoiTHJBbTRhdGowWkpENllRVTdHV2d2eUZoeE5iVDdoY24ifQ:1uUKDr:_YM_jbO-LVcmK8YvQpSkMm6egM93ulVijuNlHhvYFIc", "expire_date": "2025-07-09T07:07:07.631Z"}}, {"model": "sessions.session", "pk": "6tvjx2colg1018yobpkq0xnzl7ecc7lu", "fields": {"session_data": "eyJfY3NyZnRva2VuIjoiZjRsNDI4bGlMRWVQMmduVUtoNlhsbWVUbnpSbDFFOWoifQ:1uSdbj:4-G4DRNtIcXj-t_20W6mB4Fc_JIKCL-065nL1C-RnGI", "expire_date": "2025-07-04T15:24:47.211Z"}}, {"model": "sessions.session", "pk": "70eejwod4mlcy77lfprk4p3dl8kpmf8g", "fields": {"session_data": ".eJxVjl1rwjAUhv9KybWUJk2bxLt9UGTgxjbZ3FU5zYep2lSaCMrYf18cGeLdy_u8z-F8o1b6yYRxpx2ao2XzufZkc9c1iw-3Be53j4e3h9M52OHrdRI1mqHDHs56auWotINBR-npZfEsxBX916N12fvQB3tFvUJzPkNBw_CX65STstI-ZKtYZE1_0ip6LRyDbY8-uYjcdh3I-PgFqC24zZjL0YWp7_LLJE_U58v47P4-bW8OWPA22lKx2iguBcWU8lIQwJx3BefKlIyxihlcMskLAhQrYWoqhJG4qAiAoqRS6OcXc8xrnA:1uSn9G:1VB0flOtfX4UC9F2xvkcRO3G4YI4qbz2qOuLwU7VOPU", "expire_date": "2025-07-05T01:36:02.725Z"}}, {"model": "sessions.session", "pk": "7amu2eno9lwk1mgr2gd03m8yq0e869ab", "fields": {"session_data": ".eJxVjdEKgjAYhV8l_ts0_s3U2mVaBhHdBHU3hs4Y6cxtChK9eyIVdHfO-fg4T-C5NaVr7lIDg7271sGRRHFsorYfVofLJmsxTeJlq0hnSvDgUYlBGp43hdSilqOUnNIt4oi-G6-am9LcqQlTpKGPkU_jM0aMIAtwEZIQ13SOyCbRSmtVo7nInepHx5lO_p5UAYx44KSo__LnfWeU1EU1zLKxW3i9ATheQi0:1uV2IA:1ByGEbj9KHpiT0xdC8EPCc4niA_ZAJuvfclZWR4xtC4", "expire_date": "2025-07-11T06:10:30.516Z"}}, {"model": "sessions.session", "pk": "7ell9w16spq3v1tm2r9oxgnt1o4wpeqf", "fields": {"session_data": "eyJfY3NyZnRva2VuIjoiWnpRVVA1dldMWHFVRkk5TkJ2dXJUemE0eXc4akJpb2YifQ:1uSenl:J6xeKXhJJkSwuT_13ROwiT-m3UvWgxFSZGQThRJw14o", "expire_date": "2025-07-04T16:41:17.772Z"}}, {"model": "sessions.session", "pk": "7h70f84aim3xuvju7hs3yj9lyw076sjw", "fields": {"session_data": "eyJfY3NyZnRva2VuIjoiRVNUM2t6dVZZd0lFN2hKR2hTQ1pqOGFPQnVidDhaczEifQ:1uSdXr:L6oujZJfN1TY3tsg-mMQBpftdDGElINYS6hJWqQ1kg4", "expire_date": "2025-07-04T15:20:47.457Z"}}, {"model": "sessions.session", "pk": "7oyoe6qe1ykfw89dmrutm7y3mwnetqse", "fields": {"session_data": "eyJfY3NyZnRva2VuIjoialhORTZjRHNLYXZhdlExRUMwdnhFVGlyYWN1SjhJTEcifQ:1uTFUe:7YQJC_ZM6AMDgARfaNZ0MnDO6G7hyHExjW4xZXWnyHg", "expire_date": "2025-07-06T07:52:00.796Z"}}, {"model": "sessions.session", "pk": "8f3rcv1520cqsl1i10ifw8m4gy417u6s", "fields": {"session_data": "eyJfY3NyZnRva2VuIjoiV2tPaDk1NjFkWWJVSGoyZDlWOHNpZ3lhVXp3NDJ2dG0ifQ:1uV28X:yjcplPoVxMToghxqmJERREc-RZLp58reXeJPDk7eeMI", "expire_date": "2025-07-11T06:00:33.216Z"}}, {"model": "sessions.session", "pk": "8r7lz5nplp42x1li8npbqbhfi8iavm9p", "fields": {"session_data": "eyJfY3NyZnRva2VuIjoiSFpkblk2RUhDTlByTXBCb3FXdEx4V2ZKak9qVXRqWjEifQ:1uV2Li:YogKOk_ZzXR1ae3IBzAtDNk-YeBdgIw4Iyo01n-SX2c", "expire_date": "2025-07-11T06:14:10.118Z"}}, {"model": "sessions.session", "pk": "a9z88364dcb12ncza589ev1xddz8j7lz", "fields": {"session_data": "eyJfY3NyZnRva2VuIjoiVDF6TjhhS3N4UTlvdndzSmc3QTNUbzg5RTVMT3VyWmEifQ:1uUKEZ:vSbAUHqgSsP9DH1rgp0Yd4nM0DYF9H150ROWvFKUGr4", "expire_date": "2025-07-09T07:07:51.658Z"}}, {"model": "sessions.session", "pk": "alf733369chukd9chure7o3g3vredps0", "fields": {"session_data": "eyJfY3NyZnRva2VuIjoiQUpKSHc1aTRqUXdwM0JzUkZxSXRHN3JKWkZyMlVCbzIifQ:1uTFgT:QVVuFFfzt5fbQ7uGuhp6RsaGst6TDHeOE5_Om9cnKW4", "expire_date": "2025-07-06T08:04:13.207Z"}}, {"model": "sessions.session", "pk": "b1gj79wrqi6r6pfzwrre8d0epujksx2u", "fields": {"session_data": "eyJfY3NyZnRva2VuIjoiSW5SZzRxVUJVVWdVNm9KMEVQc2Z6Qm9jeXoxdDM4b3cifQ:1uUKB4:5mhQ2RnqdcO02RfAawIC4vSpY4DbebsCdKBDg9AAqeU", "expire_date": "2025-07-09T07:04:14.625Z"}}, {"model": "sessions.session", "pk": "b5qyxziq5et9fsx8wm26iijvzjasgurp", "fields": {"session_data": "eyJfY3NyZnRva2VuIjoiZmVoYUQ1ajd2V240S005anN5Y1UyUmxvSmZEUzBWcTEifQ:1uV6FH:PoGD5WKoishEReX12hH-CtsLJiwCISG9K6sSt6WD3Ds", "expire_date": "2025-07-11T10:23:47.671Z"}}, {"model": "sessions.session", "pk": "b81z6shxvjy1g57a4zdiv840wt3ylw60", "fields": {"session_data": "eyJfY3NyZnRva2VuIjoiT1Z6czh1TGRZZDJYQUZLY0RITUhyQkdReXRlWVZCQ24ifQ:1uV2GV:gavQcjag4MyJLnDchfsLpmgQNe6uMk01BjhVLP4udZA", "expire_date": "2025-07-11T06:08:47.302Z"}}, {"model": "sessions.session", "pk": "b9nyi61wexbsnmwm90m3edyiw8vuloz5", "fields": {"session_data": ".eJxVkMFOwzAMhl8F5UpXJWnSpL0Bgx2AbUIc4BSlSboGuqZqsoqBeHeyqkPazfbn3_bvHyCUH-rgPk0HSrB6edw2ZMtQfrMe-zfqVsaR5n35vc6Kp3HTggT0rTyaQSinTSf3JoruNst7iCI610TrdrYTwU4YQ0wXMF9g9gppSfMS4TSjlNDsGsISwij0xnvrOiFVsGPUhOFg_jdZDUqcgGDkfopRAoQ8hEYc_EwBBhe1Sqpo5wT0h-x2LlWuC4Ot0lNLOlOfPsdz29u592JAI30T1UqzvNZcFQQRwrMCS8R5BTnXdcYYo6xGGVMcYkmQLuqcFEWtEKRYSk0wnYaerZmv3g5HUMLZyfy7h8HG7e3xahVzD37_AORxf-E:1uV24K:Cq4ypy2uII7LjJPR2HPiS1fwwsMbDCxfMe21tEXROR0", "expire_date": "2025-07-11T05:56:12.356Z"}}, {"model": "sessions.session", "pk": "ba8ybus49bq7b12ai0nchkw2ekzgg6iw", "fields": {"session_data": "eyJfY3NyZnRva2VuIjoidjJ5bkRhd3pKTXZOTWljQ2U0UTllQkpRQUNaSHU4NmsifQ:1uUKDs:iIDoZ45OPWYSfULSq3UxmxrfGiKkVd261cGBnNthLYA", "expire_date": "2025-07-09T07:07:08.319Z"}}, {"model": "sessions.session", "pk": "bjehnjl50of7ywzxbpo2hfcmdsxlkodu", "fields": {"session_data": "eyJfY3NyZnRva2VuIjoiaTFUTDRDNlFlbHNraXgxRTZ4TTdCcXR2dnAzUHlKdkYifQ:1uSmxu:V_jl-xiEC8tA3weZLx8g_wHZvSclxfXHyKfM6wBw3dA", "expire_date": "2025-07-05T01:24:18.949Z"}}, {"model": "sessions.session", "pk": "bkv9mh6g262d9nps0qwdf5rdkpt78jah", "fields": {"session_data": ".eJxVjLEOgjAURf-ls2loKbR11EElSuKiYWraPiqIQkJL1Bj_XUhYWO85536Rsr53oWvKFq2RfG9JFp-P_JUdkmf-qfPGiv1l500hryEr0AopPYRKDb7sVQ1jQpeb0Xa8mgDcdXvrsO3a0NcGTwqeqcenDsrHZnYXB5X21Vhb4KkDYSUjjIlYUk2EMJEQ4GLOecIdibkVEdWMgHQpk9JZEiVUa2A0AfT7A66gRqo:1uT10P:DPv-Gi6FvpL9FI_52qCn8XaK-sZSpBG5V0_Jx_lz9po", "expire_date": "2025-07-05T16:23:49.113Z"}}, {"model": "sessions.session", "pk": "cm8vhpmqnvlrkny5tpx4r1k3ku68ur22", "fields": {"session_data": "eyJfY3NyZnRva2VuIjoicEZBRjVkcGp6N3JtOTdURExaY1ZMMmRQMm1ZZ1JFNzAifQ:1uTFUe:F58xsDbp_JQMgu4mHjiGznTAz7yf_AtoQouLOQUE5AU", "expire_date": "2025-07-06T07:52:00.736Z"}}, {"model": "sessions.session", "pk": "d4aziy5uxd1ttqei2slwauguu0t8bz28", "fields": {"session_data": "eyJfY3NyZnRva2VuIjoicTFtQWNKd1NpTk5xVlZ1YVY0ZnMwU3dPRzBwdTAxelIifQ:1uSmxu:MuE2cWEaDZ57wIP1A42fAxc_jXF_lr7zKIaMALE6GMA", "expire_date": "2025-07-05T01:24:18.938Z"}}, {"model": "sessions.session", "pk": "d899bk45x176etollfiiqhvsvkkc9fgn", "fields": {"session_data": "eyJfY3NyZnRva2VuIjoiT0k0UGRtUnZxS2lwZmY0VFBHQXJKdUFIcTVHNGhwZ3IifQ:1uT144:Kj5j4j7GY8HZ_W3-v1BX6Zj9gx6ZsNA9TpM8bzvir9w", "expire_date": "2025-07-05T16:27:36.479Z"}}, {"model": "sessions.session", "pk": "de4m1abr8ymnm7k5lmetgg0h64gyopau", "fields": {"session_data": "eyJfY3NyZnRva2VuIjoiSTZIQlpZZlAyVG1NTUwxUnUzZkZxdUNDakkxS1JtTlYifQ:1uV6FH:pyrjG5e3Jkrhs-FWsojGJXanCOzPcIvOahh5Uat8T54", "expire_date": "2025-07-11T10:23:47.661Z"}}, {"model": "sessions.session", "pk": "dgvkgcylvxz3a1gtmp5xfecq4cyluvn7", "fields": {"session_data": "eyJfY3NyZnRva2VuIjoiV0o3ZGhEU1cyUWJTaFZhY2JkUUpuaW9hbUVVd3BCbTIifQ:1uV2Mj:9JC7r1Dh2IyftmXzs6wOr3wem8C9ozqxpZsK6hcsFlw", "expire_date": "2025-07-11T06:15:13.351Z"}}, {"model": "sessions.session", "pk": "dkh74gqc24oxp3sly22k6reh0kwyxg8o", "fields": {"session_data": "eyJfY3NyZnRva2VuIjoiTTRuamJjcVdLUURzRHllRVJ4aTN4YURISXg5MDFiejgifQ:1uSer7:YB9I21M57l5fGLMYX2CX_g2bE41LdFXNCU3OwTgmelc", "expire_date": "2025-07-04T16:44:45.707Z"}}, {"model": "sessions.session", "pk": "ds44avjqfyv0h2wuq97zj5urxf0jn066", "fields": {"session_data": "eyJfY3NyZnRva2VuIjoiS2dtWWRORUdOMGIxWnpPTHRFc0xuTEZ1bm9QV2cyTTkifQ:1uUKBU:SHFMjSWxUZH4-j3rfi9fu_HylQeqHSFhbAeHoOtfHys", "expire_date": "2025-07-09T07:04:40.712Z"}}, {"model": "sessions.session", "pk": "dtr2j4qi676nri5w5ou4kfx94wo2keu7", "fields": {"session_data": "eyJfY3NyZnRva2VuIjoib3dFc01ITURzVlRFTzhFSG4yRnFEWGpwZTNIc3dyQ1UifQ:1uV2GV:kQFWW4b7ZzrMU1wxCyzj-DhBBW0ZcAfbenWczrearLA", "expire_date": "2025-07-11T06:08:47.294Z"}}, {"model": "sessions.session", "pk": "e1ftfb1kljznsadpxkuym18sqsc6ecje", "fields": {"session_data": "eyJfY3NyZnRva2VuIjoiUDhlNHo5U1VZazI5ZGpaWDBqSmdyNGJMOFFocFBmR28ifQ:1uUKEZ:excZHkURRvjxulo2OEjXC04fRzpdJ0oDXJRqey3otYw", "expire_date": "2025-07-09T07:07:51.535Z"}}, {"model": "sessions.session", "pk": "e6fbcociy8bakslxik7osnsvd6dw2qf6", "fields": {"session_data": "eyJfY3NyZnRva2VuIjoiVU1pQ2lKRUl3dzJ6Tjk0ZEExZEJpd0FvRmVEOXlkOGIifQ:1uSmtb:hnLHTgIGeDIpXwtbWS4xoZjmlpONRoLcxVBPdkGwzPs", "expire_date": "2025-07-05T01:19:51.143Z"}}, {"model": "sessions.session", "pk": "ecxc7qfgqxuxeq9ujx2a7e17al494c33", "fields": {"session_data": "eyJfY3NyZnRva2VuIjoiN0tFQWp3NFhxSDRNZkRMVTh4Y0FWbWVGWGV1NGhPaXYifQ:1uUKBU:tg94wTXR6w_TwscsO2HmzUAAXGGgfB5dr5GLEr7w1dA", "expire_date": "2025-07-09T07:04:40.940Z"}}, {"model": "sessions.session", "pk": "erfbmkgxhd8quugyu0lu0lomgm75ywnd", "fields": {"session_data": "eyJfY3NyZnRva2VuIjoiSUhYYTY3NXI5VHpHZ21UdXVlV3BhaGpQMGEwbmJMSXAifQ:1uUK69:2Eu7F5nJqsQmo_3qQG1CFb9yZ4qHM1aZdQz5gsnCKBE", "expire_date": "2025-07-09T06:59:09.175Z"}}, {"model": "sessions.session", "pk": "ewwrmvp42eikw482yi0gasznfslv9icl", "fields": {"session_data": "eyJfY3NyZnRva2VuIjoicjQwMW9PelVCRmlDNHdVRVNMNFdJYzRVQlJQUWJLMksifQ:1uV2My:Bad2ZqDnlldADFAufma0AUUMsgCl2lxdUufYDy8_4no", "expire_date": "2025-07-11T06:15:28.379Z"}}, {"model": "sessions.session", "pk": "fbb7cb0ebs43luwgiszxxpfoyj228fsx", "fields": {"session_data": "eyJfY3NyZnRva2VuIjoiS2VMaFhsaWJzcWRxMGVZallvZGhScXFzM1VyVURGSzcifQ:1uV6HY:vMWvh4ow9r5HlE77-n-s9fY8-koj-0HLSMbZIRbZbS4", "expire_date": "2025-07-11T10:26:08.065Z"}}, {"model": "sessions.session", "pk": "fwxse3jkrm1ilucu2ddyg3u3o72h1aav", "fields": {"session_data": ".eJxVjsFugzAQRH8l4toErY0BmyOHNErVVpXo2Vpsk7gBHGETtar673UiKjW31cy82flOpPJTF9zJjEmVkLZ5BFrXdOfeni77E76fZ2j7ywkHMkwsS9aJxDkc5ezNJK2OCL3XWlSx6mroDxwPLlVuDJNt02skXVyfPjtt-nrJ3hUc0R8jrXRZdJorwQhjPBMUCectcK67rCzLvOxIVioOFBnRoiuYEJ0ikFNEzWh-LT33-LWs5OskGBxud7HcIw4mPmqMD6smCqut_TT_OBUnLpn96-5FiGj9abJ3BzvKYG82BZpvoNhQ2gCvCFSUpAzyDNgDQAUQQW-8t26UqIK9RCZMs_n5BeBHeRs:1uTFmP:X4InEjRhTQ7RoGQlQns40bc5oJUy8vIPveMe4GSexG4", "expire_date": "2025-07-06T08:10:21.406Z"}}, {"model": "sessions.session", "pk": "gcq2pf2hgaucj4qu4xcbibycxr5eexsr", "fields": {"session_data": "eyJfY3NyZnRva2VuIjoibllMaWVkcVB6NjBNS3JuZ25TYlFXSElpdU9uUGlTbmEifQ:1uV6FH:tvkei5RWM4OY4MuBopMVMWWfuxQCZyvc3W-UtSnYXCc", "expire_date": "2025-07-11T10:23:47.951Z"}}, {"model": "sessions.session", "pk": "gvywltszdcheh8xprsv1gqzjxqdmvtpb", "fields": {"session_data": "eyJfY3NyZnRva2VuIjoidVhLeTlCN3VaVDU1eW1FNjdhd0NKMFRLYnVGTFlkb3MifQ:1uSmp7:UJhctG7hlnGJhQI-xcl_EmPysllitVGpQ-ppakzVsog", "expire_date": "2025-07-05T01:15:13.749Z"}}, {"model": "sessions.session", "pk": "h0yrxbaavx842gr7jmqyflijdtakuobm", "fields": {"session_data": "eyJfY3NyZnRva2VuIjoiUUd3VmRtREluUWhLQTZRNk5LTVdqNE1iWXIxblU0Z00ifQ:1uV6FH:xbEFO-KC_QgyOCCdUoYFEkuQPrNnS4NNGtHS1QnYIVI", "expire_date": "2025-07-11T10:23:47.645Z"}}, {"model": "sessions.session", "pk": "h50korn1it8ltqepzze33204fzsi8u4p", "fields": {"session_data": "eyJfY3NyZnRva2VuIjoiTG9hZjNzdUhHNERNc05sQVhEOERqc0NudW4wR1IwbjgifQ:1uSf72:wzdUmS6-5dR6EFAdP9mmVNgfMmGDiqVUN9-hs5AjpxI", "expire_date": "2025-07-04T17:01:12.020Z"}}, {"model": "sessions.session", "pk": "h895ioead0jucb0qhmnpj8bg6xq3b7dx", "fields": {"session_data": ".eJxVj1FPwyAUhf-K4dWtAUqB9tG5-uTMFh_cXggFujJbagrVTON_ly2dSd_uPed-9-T8AKH8UIf-3ThQgGG7OZjysCv30NNv6Fdvp46sd3u3UdXX1pVgAT5aeTaDUL02TnYmQquXxzWE0bppou2P1olgrzaGOFtCusTsFcEC0wKxJOU0Q_QewuIKeuO97Z2QKtjPyIRhNP9JVoMCLUAwspvNU3o5WON0e757iruPz4QcQyNGP6EAz7VKqtj1YuiTdMc-Ub0Lg62Sy0kyuT55jl3ah-l29qCRvom00ozWmqucIEJ4mmOJOK8g57pOGWMZq1HKFIdYEqTzmpI8rxWCGZZSE5xp8PsHgUF5Wg:1uV6KI:__W6-Qsd3NPVu3gWc9tjz-wC-xjZ_cXEAdWiKwn9fF4", "expire_date": "2025-07-11T10:28:58.457Z"}}, {"model": "sessions.session", "pk": "h8rb7egsiyxzhxmfcfdrvpaxshrqylt1", "fields": {"session_data": "eyJfY3NyZnRva2VuIjoieWNJNUU4UXh2c2RvTHp1MTF0YnBEOGdNTE50WTAzbFEifQ:1uSmxu:MOQODCWswGMFvSdB59Ur2GQ5215eqqvPx2F4xPGonXo", "expire_date": "2025-07-05T01:24:18.949Z"}}, {"model": "sessions.session", "pk": "h8rxvwzr22sds8rp2qrsu5im214881xt", "fields": {"session_data": ".eJxVjdEKgjAYhV8ldpvGr6LC7sQ074IIom7G0BnLudU2M4nevSEVdHfO-fg4T0Rqo1urOiYRRo_y1sdtlh_EcRx3U1xxWjXikg7dUJyykCMPXQWdmCa1apikPXNSvl0XAA59NyLUmUti-YxDCGMfEj-EfZBiiHAEqyRxa7IEwLNomDFcSUJry-_OsXpgvyfeIBx4yDLa_-XPe6k5k42YFhvXDXq9ART6Q14:1uSf9G:RyhS3NFxC0RwPg48YtbZGbvBB2x18QG2WFJWF1EIFnA", "expire_date": "2025-07-04T17:03:30.663Z"}}, {"model": "sessions.session", "pk": "hj1z3rbkufrj6lxtvc8rzye2b97qflt8", "fields": {"session_data": "eyJfY3NyZnRva2VuIjoiOEJLOG5hbUFTbjIyWWFLSk1Za0p1TWRkRzl4U3p2ZmQifQ:1uUKEZ:fUV5M5auPUfkt5Ddkd4kN4HArdKj_guU9xkkuQVndFc", "expire_date": "2025-07-09T07:07:51.532Z"}}, {"model": "sessions.session", "pk": "hmt28t0co6kcvmr9hx96kxoewxf5hhvo", "fields": {"session_data": "eyJfY3NyZnRva2VuIjoiSnJyekRvdWtOZWJmQjZQQmh3Nkt4RnJPWTkwSTR1TjgifQ:1uSkFj:e2Ha2jJGPFwG8cAkF6Ticf4i1hBVz3iRMoxVuBzRK9A", "expire_date": "2025-07-04T22:30:31.982Z"}}, {"model": "sessions.session", "pk": "hnz4rfzlavx2tm8mjpjdeqrfz84rtcun", "fields": {"session_data": "eyJfY3NyZnRva2VuIjoiUFNQbmpmbXRNdDcwSENpMTZNZUhtTmxsTU1ybDVRbjEifQ:1uULiO:ekYET7QgUc27JviFcm0YPwwKX5zWI7ylLYFrzVw9Wvs", "expire_date": "2025-07-09T08:42:44.994Z"}}, {"model": "sessions.session", "pk": "i6wf40sk0evv7z42v626ovx5ajsx3b71", "fields": {"session_data": "eyJfY3NyZnRva2VuIjoiOGtYTm1MNDVEUHZOSlJBQU5yeDBKbFh6UFdnYXhub3gifQ:1uV2OQ:hVvb01nrWWiFiQ-1umASoJWH5TrodY-66PDP32UJt5Y", "expire_date": "2025-07-11T06:16:58.483Z"}}, {"model": "sessions.session", "pk": "ikbb8soxih60pa8i02otbsfcz9rwx072", "fields": {"session_data": "eyJfY3NyZnRva2VuIjoibVhVNlpxNVR4S1dEdmhicEdtUmRBZWRQV1BmVE8xb0UifQ:1uV2OE:jnAYt7gYt93osxLYMB_eFamr0rap8O3riVNPCXmajzQ", "expire_date": "2025-07-11T06:16:46.188Z"}}, {"model": "sessions.session", "pk": "j1gggr5rvjw6u1douzt8s6t5dkzhq8kk", "fields": {"session_data": "eyJfY3NyZnRva2VuIjoiRW9MZmlPcFd1VHdHNHNXY0FubkNyNGNRVjltZVZkMDUifQ:1uSenl:MKmoTm_a9BoWQZ6wfwvSWmhWd1YdHp_sqhgpYdkHQAY", "expire_date": "2025-07-04T16:41:17.785Z"}}, {"model": "sessions.session", "pk": "j8xamh3lx0xegomtxs0ez4fl67unl58s", "fields": {"session_data": "eyJfY3NyZnRva2VuIjoiQmxPY2R6ME1LV1dxUEhidGpEQUZwZlNnT0tqV0VRY2UifQ:1uSmxu:psjM5ytfspRFueXgzaw8CQOYMdXEHlCrM0L1gpooHqY", "expire_date": "2025-07-05T01:24:18.909Z"}}, {"model": "sessions.session", "pk": "j9ewj7yhhjaby5dri1m8xvygtb1borlb", "fields": {"session_data": "eyJfY3NyZnRva2VuIjoiUjNZZ3doTHAySHRUSllYSXdnR3hScmVnb011V1BpWmQifQ:1uTFjk:72bkHb6qnvdIhULeVexSxMGulAP93yHDkZ1LUjs6Ddo", "expire_date": "2025-07-06T08:07:36.967Z"}}, {"model": "sessions.session", "pk": "jvxgi7ff5scb0ivceo72k7ybj76m51m4", "fields": {"session_data": "eyJfY3NyZnRva2VuIjoiMzZiZ1JXeWphTlFuZ3NqRmIyRERnQjZNUHN5MFpjelEifQ:1uUKKP:BSC5dLpzlCgS8t44HWtYQpV1_1bwX60LxSXSOUnULHs", "expire_date": "2025-07-09T07:13:53.601Z"}}, {"model": "sessions.session", "pk": "kv62zinfrxwnhsjxjwnuwfrnxw1joogq", "fields": {"session_data": "eyJfY3NyZnRva2VuIjoiNlJqalVNVDY5VjV2NXVSYkZ3MjY2NEVHTGpNZUNGRDIifQ:1uSmxu:5eRKuNq6m6GSoZTVONgf3vYByS_L_HowrX80WRmcgyA", "expire_date": "2025-07-05T01:24:18.855Z"}}, {"model": "sessions.session", "pk": "l8guk5pgrjeg9gurvse40r0wvna9deiv", "fields": {"session_data": "eyJfY3NyZnRva2VuIjoiSmZlNnNJd202YmhvSEVuOEZyUUk5RlBaakpmOTN4d00ifQ:1uV2Mj:ImBcxJkEduFzxndZdSo6HIvXMUCrvjk82bDwZUYiCDo", "expire_date": "2025-07-11T06:15:13.358Z"}}, {"model": "sessions.session", "pk": "louf81yt0tieql4or4j0lhjw29ilkm0z", "fields": {"session_data": "eyJfY3NyZnRva2VuIjoiUVl1RlJIVkhOcVBzdVZjdlZRTmF3YU5tdlREbGZhSjMifQ:1uV2GG:WZoOrpfWM_J0UORBi5cCANkgnkkC2I-na5dxw7RbIvQ", "expire_date": "2025-07-11T06:08:32.143Z"}}, {"model": "sessions.session", "pk": "mnkvx7igzr79x2112jkk0buf9tu266ju", "fields": {"session_data": "eyJfY3NyZnRva2VuIjoiUzdBc0txSExvblBGcnF5ckQycG5Yb2djdjVoTzdrV0wifQ:1uTFju:5He4ewdk7mqzlud_zxamL0_2rleL7E_D1GY3Ma44-5E", "expire_date": "2025-07-06T08:07:46.488Z"}}, {"model": "sessions.session", "pk": "n58ijnyf9k0tnjao8iydlx1236wipnkl", "fields": {"session_data": "eyJfY3NyZnRva2VuIjoieW0wNDUyckxQNnR5enF5R3pzWWp4N1J6Ym8wUXlYazUifQ:1uV2My:ltp5l2C4j4IA8AtM2-NKpmReJ1yQlaOl3LodHatDS3g", "expire_date": "2025-07-11T06:15:28.897Z"}}, {"model": "sessions.session", "pk": "nbeyeh7c7o0sb58bfl1lwjrt694tl61v", "fields": {"session_data": "eyJfY3NyZnRva2VuIjoiek16cGpVcWVLUzhEZ0ZCVGl2TmFmNXg5Z2NmeFp5U2oifQ:1uSelD:SQPbObn--0LUbt56U3TjoPr759lhJL5i3mbv_XiAYfE", "expire_date": "2025-07-04T16:38:39.248Z"}}, {"model": "sessions.session", "pk": "nmq2akgfr1fwywpmtw8i8ah0pkr3xih2", "fields": {"session_data": "eyJfY3NyZnRva2VuIjoiWWV0S3R6d2VKQXJ5bDg3ekswNjJna3lNSkF4ZU9ybjAifQ:1uTFhS:IVrcc5xELn-NJFWiADMcJf_AXYoh7Ft3aKp-UVHZOvo", "expire_date": "2025-07-06T08:05:14.322Z"}}, {"model": "sessions.session", "pk": "o0mmxjgrokday2lr2cfzh1mkjfixhwmn", "fields": {"session_data": "eyJfY3NyZnRva2VuIjoielVhZGxFZENYQTRUa1J6MEY2eUNUdUFXdzRIUkIwSU4ifQ:1uULiP:Wl65bwkUDNHWa2uo7GB0lPHn7GyIlIeZDXiEvAA9xfw", "expire_date": "2025-07-09T08:42:45.005Z"}}, {"model": "sessions.session", "pk": "ol90kx7n2gctf777qqyizay72swrwzdt", "fields": {"session_data": "eyJfY3NyZnRva2VuIjoiOEI3cUNDVEhZN1hDZDRTQTdhTGJuV1BmaUhRUmVpbzUifQ:1uT100:EWv1jJIQMOtlX3Sla3WzNO4UZ3aqsLqgDWz8pVRrQ3Y", "expire_date": "2025-07-05T16:23:24.945Z"}}, {"model": "sessions.session", "pk": "pn0jyylee7oa8du6zvi5nhnc1vo20a8w", "fields": {"session_data": "eyJfY3NyZnRva2VuIjoiUElsclZhZ3Jla2xxZ0J1VW5WWGFHb0JMU2ZJZVRCSmYifQ:1uV2OQ:h9d6UEpwm6_iwsc861DJ5aYn4nkTWi2DwTtTdPAJDk4", "expire_date": "2025-07-11T06:16:58.508Z"}}, {"model": "sessions.session", "pk": "pqyl2y7ujnmzhr8ashumqt54fukwckdt", "fields": {"session_data": "eyJfY3NyZnRva2VuIjoibkZVY2ZXZk1XT3U2eEpIVlQ4bFh4MmdRWGhNRmpqZ1cifQ:1uV2Li:h6SmDMr63CqbT9l77wCpgOdZX_k31pgJC1eaJD4qndo", "expire_date": "2025-07-11T06:14:10.586Z"}}, {"model": "sessions.session", "pk": "pz0hvfrbwbnwkna3c6j65ahtkn3wxroc", "fields": {"session_data": "eyJfY3NyZnRva2VuIjoia0RKVER2ajhudDdoeUoyRE9YVndBTnlOYXBWUHcwR0wifQ:1uV6HY:gAJGDUuYqzcS1USStHDHnGIXweqZxgDBcnkT-fprflE", "expire_date": "2025-07-11T10:26:08.081Z"}}, {"model": "sessions.session", "pk": "qb9713krpx3m6el319y4ldy3fbazei83", "fields": {"session_data": "eyJfY3NyZnRva2VuIjoiNVBjclFrc0JvREt3M2M5YjRmdm52UTBvcmNMdVZ1SGgifQ:1uSmxu:gask1GxyeHRZn-L1uhwI3Bsg0qZNhJltW6QiTzRizV0", "expire_date": "2025-07-05T01:24:18.971Z"}}, {"model": "sessions.session", "pk": "qdjlafuajp5ebl141tkwn30hwghdnmn1", "fields": {"session_data": "eyJfY3NyZnRva2VuIjoiMm1UbjVXZjZDZjBlTERCNmdsTHdUU3VEYUVBMDdOR2sifQ:1uUKDK:efc9v1-ZSGiOnIghtbrwtL5t9ZMC3V7DKsUutvFHiQg", "expire_date": "2025-07-09T07:06:34.175Z"}}, {"model": "sessions.session", "pk": "qgn8tascc659mjllys5atng8nsnjyosw", "fields": {"session_data": "eyJfY3NyZnRva2VuIjoiV2xkME1aaUpNa0dONXJzU2UwdzR5anYwT0laQktLNm0ifQ:1uTFhS:rOldnCjO4I0L72GYjUbaQa94eC5DV8GegrAQaQgBTRM", "expire_date": "2025-07-06T08:05:14.734Z"}}, {"model": "sessions.session", "pk": "rcl2vi8perqzd03ht5w8zmh3e7c456ib", "fields": {"session_data": ".eJxdjstOwzAURP_F6yqKX7HdHS1dsoQuoxs_mlLXjmJXJSD-HQdZqmA3d2bO1XyhXqfZ5XixAW3RIcN8P_jThz5e9urt-Lw8vS7JSkEn7D_3Fm3Q5GGxc6-jsQGutkCYUMa7R1TtaYw5zhb8IzkbtBUblC1cfzWvuhLB3teTFKCHWx77W6oQ-ucNoMvgNTDvEE6x0THk-Tw0a6WpaWpeyki_q90_D0ZIY6G1EZ0zUiuGGZNUEcBSDq2UxlEhBBcOU6FlS4Bho1zHlHIat5wAGEa4Qd8_UAxpOA:1uSnGo:UnJlt3zEyepttscvLWhj3wzUk1jzhlj34mLKAX2oGN8", "expire_date": "2025-07-05T01:43:50.043Z"}}, {"model": "sessions.session", "pk": "rkmn7lhxf61gd4gjxf5f8vbywwu48d9p", "fields": {"session_data": "eyJfY3NyZnRva2VuIjoiODJVcEtkUXY4N3kyRDAxbHBaZ2FZQ3p3RVFpc1ZOblAifQ:1uSf71:Rg6VjJpXw9oS61VYEe2WaWNTYgpTMEbCahHT1hUeS8U", "expire_date": "2025-07-04T17:01:11.988Z"}}, {"model": "sessions.session", "pk": "s2fg3n8mactfdwutksszexj0bn24oilg", "fields": {"session_data": "eyJfY3NyZnRva2VuIjoiUkFwMFpDREpHSE5qNjZ1cVIwWlY2NlVLY0xIQkN3N0kifQ:1uUKBU:88dyaN0V2w4RmhdQe-KjOG0rrjr3CyEegZdnA5_igbY", "expire_date": "2025-07-09T07:04:40.679Z"}}, {"model": "sessions.session", "pk": "s4qg39r2bql75roa74zc6p05s6pyf6la", "fields": {"session_data": "eyJfY3NyZnRva2VuIjoiYjBSUmQ5YVJQMWhVMXF0d0ViclVkS1Q4bGRZekhMcHYifQ:1uV2GV:Eyui3TF7jMQnDlKI6fspQwez0rBrEk3ZpdqnyHb2Gtk", "expire_date": "2025-07-11T06:08:47.283Z"}}, {"model": "sessions.session", "pk": "s73mvh8a78mdep9mmbzjfin8zbm0p9uy", "fields": {"session_data": "eyJfY3NyZnRva2VuIjoiNks0UDBqSVJubXR5RGxIcGtQNzJQaUZJd2FpWGh5VWEifQ:1uSkFj:BJaif6LJMIWWQ-71IHKbloHWXbauD488Oo-EbyHsJxc", "expire_date": "2025-07-04T22:30:31.970Z"}}, {"model": "sessions.session", "pk": "scfxp04kxwbufglx77friweqf8u3pir8", "fields": {"session_data": "eyJfY3NyZnRva2VuIjoiZktpMll6YkN4blFLZTBPTzFJZUNJM2c3VGpyVmV2dVMifQ:1uV2Li:yyjS5rZvGHVWFUFdzyhB0hJRwPj1xHcpQojgDLh0Gfs", "expire_date": "2025-07-11T06:14:10.703Z"}}, {"model": "sessions.session", "pk": "sdva8hkif9bn4e9scpyd6bhvqzghyimq", "fields": {"session_data": "eyJfY3NyZnRva2VuIjoiM2xvNXZFbE0yRGNuYUlISHRrTFA1N2pYSmZPNERTRFEifQ:1uTFvs:bgZPKE8mPUrd2chgyeYtLqbbNosVj3MryT88-rfzNeQ", "expire_date": "2025-07-06T08:20:08.695Z"}}, {"model": "sessions.session", "pk": "siryapu94n7wqz2x473w5j62hrln19sj", "fields": {"session_data": ".eJxVj8FugzAQRP9lzwhRjDHh1khcqpIDatP2hNb2EqCAKSakUdV_L1SWotxGb2d2d36gVHaqZvNJA6QwX76WhnUFLsvYqq7IxWvYt9GBH5_NJWxP4MHY4ZWmcsCe1sAxKz4O2duNNxpS7sFM2P_ryIPSkrWNGUr6HpvpCmmwMjzPdXm2LgEPcMckqvWhbaBbHE7GV2aYp0b6m8V3U-vnRlO3d967BTXaektXSax0RQkFFcUkdZzsIh2SIIwkryRKwVAwxQSXIdNsl4TxKhFJc8k0v_VS6ynX-ekxDwIBrqSDL0X2Dr9_KtlvpQ:1uSmlO:dFWKwHe9ViEeU71X9kHOl8RuO9NnUOo2XNZesJSDmcc", "expire_date": "2025-07-05T01:11:22.346Z"}}, {"model": "sessions.session", "pk": "sogiv97j0q4zgrm2stuk3gvo969lqcoh", "fields": {"session_data": "eyJfY3NyZnRva2VuIjoiMEpqTmdjanlnVFhDbmZEaGRzTmh0cjhGUW1raDhORVAifQ:1uTFhS:arARCBGtXyUwQb4C_J8N2iJDVa7v-TXAjlD2uZHZw8g", "expire_date": "2025-07-06T08:05:14.718Z"}}, {"model": "sessions.session", "pk": "t7jpn2qsrb901blvg0r9ze7iakpitxmx", "fields": {"session_data": "eyJfY3NyZnRva2VuIjoiR0lZeFJFcnpZTm94V0tpdDNyYkpoYmRnWFNlc0VjR3kifQ:1uT13x:8OUvzf5PZ1JKsuoVrHCNrK5FiqtI8jZBAga1QBLud14", "expire_date": "2025-07-05T16:27:29.770Z"}}, {"model": "sessions.session", "pk": "tzooq5jsb50qd4iqqvqk5d06dvt58rlm", "fields": {"session_data": "eyJfY3NyZnRva2VuIjoieFB4V0pGREFOTm92cURzRmVzcGlhNXRPN2FFRE9ib0kifQ:1uV2Mi:gFA7N1NZcFpDhsk6qcacMu9YfOB6gr61oiMyKq2ccF0", "expire_date": "2025-07-11T06:15:12.595Z"}}, {"model": "sessions.session", "pk": "v6d7s8bn71c9nsca4a89whdbfmrta0ym", "fields": {"session_data": "eyJfY3NyZnRva2VuIjoiTEJVbURSeGp0QUhGR21vd0xFUWE0cXQ3Q3BJN1RKMVMifQ:1uV2GV:k1Sy8PBhUNWj-UwUyL4qVzMngFdMh3Xwjuu6pNPBorg", "expire_date": "2025-07-11T06:08:47.301Z"}}, {"model": "sessions.session", "pk": "vxbzzehpfjiqiuseh6fjcrfr279auwqn", "fields": {"session_data": "eyJfY3NyZnRva2VuIjoiSU9XTks3NVU0WjRkczU5ZnN6eEw0bngxWWdRNXJGc0QifQ:1uT100:XULCvwYluSH8MoIUZKHiZerVXPQDzLa9mZ9U3KMC2OA", "expire_date": "2025-07-05T16:23:24.936Z"}}, {"model": "sessions.session", "pk": "w5wone4zltx2t9quhgkon4jmcptblqor", "fields": {"session_data": "eyJfY3NyZnRva2VuIjoieFVnN0xRc3pFN2RRaGlSUHRVMmI0cmRaQURHTm91Q3EifQ:1uUKEZ:e70WMSLfBxz_N4-rfVpyh_9bKxYM_gznW4PtCJ3VasA", "expire_date": "2025-07-09T07:07:51.518Z"}}, {"model": "sessions.session", "pk": "wd5tq3n6q8j9xvgtb4ktz29dw44fky0u", "fields": {"session_data": "eyJfY3NyZnRva2VuIjoiMFV6cW00RkJ3bElTT2VwZm5TY2Y3WFdPcmY0bEtQbzgifQ:1uSmxv:MxaZHx15F0MptXvsKsKeorEgMVkmsSMcpUiZ1rYkrvQ", "expire_date": "2025-07-05T01:24:19.160Z"}}, {"model": "sessions.session", "pk": "we1iha90597uz007g9eukuts94vumi6q", "fields": {"session_data": "eyJfY3NyZnRva2VuIjoiTkdORUVibXAybmltaVZwUGZJZzRJb1RpeG9YNGM4cUYifQ:1uSdbj:Bbk9Zuhdfx6MvjiYeIKqGIJgFSYQxBls1rowL0kr0oY", "expire_date": "2025-07-04T15:24:47.235Z"}}, {"model": "sessions.session", "pk": "wf94xfv6k71tw1wsdmf80t9dmh65s32b", "fields": {"session_data": "eyJfY3NyZnRva2VuIjoic0JDRkluSlhXVjUzcUF2ZTk1cU1DTE1ldmNGN3FUdGgifQ:1uUKKP:b9u4h7D11B3QRVs36QEf-7VZRIYUaSwAh3mU-IpAyO8", "expire_date": "2025-07-09T07:13:53.611Z"}}, {"model": "sessions.session", "pk": "wq035p7uir7cjdgk4jz3t1u6nx6z1ucd", "fields": {"session_data": "eyJfY3NyZnRva2VuIjoiODJZWHNLREE5NjhLNGFERmhVV09xRDR3bmVCckMzZjIifQ:1uV2GV:L7rZKjiYfnjPdpfZwBJKxz5u1vj10vespeSwVB-ggeQ", "expire_date": "2025-07-11T06:08:47.310Z"}}, {"model": "sessions.session", "pk": "x1cqvem6wu1tabbi0ooxg92vkuwz273s", "fields": {"session_data": "eyJfY3NyZnRva2VuIjoiMVpOUEZVQ0VwWGdQWHNlZFZuY0RjZXZEY2JBSksyc0gifQ:1uUKBU:0imvPjxvrE5t4RahONB_02nOzNMmEavgq2q4A2LVUqs", "expire_date": "2025-07-09T07:04:40.731Z"}}, {"model": "sessions.session", "pk": "x2s8drg6inroqpkqwz4ufi3i7frer2yz", "fields": {"session_data": "eyJfY3NyZnRva2VuIjoiaTlKcXc3dTFwSEVybXZmcXpoU0Z5eGcwSEhaQnBiVWIifQ:1uTFvs:4EyS9C6SyA6gFZLVrKwAL3_xs5nOIkw5jKeOVO8-J5g", "expire_date": "2025-07-06T08:20:08.338Z"}}, {"model": "sessions.session", "pk": "xaaxx1lcfpmi3dhk33j7wipqb25b2d3p", "fields": {"session_data": "eyJfY3NyZnRva2VuIjoiM1Jsb3hhMUppak8xQXVnRXNPMzB1TjJYakxFY0hDdngifQ:1uV6Mn:a4yTDHJZ0mPt4o9uFNezhKbZQXaQTfVkhcPAaR0ZkeQ", "expire_date": "2025-07-11T10:31:33.541Z"}}, {"model": "sessions.session", "pk": "xyyceor61ymq67iq0rp6j68ickyqwpc8", "fields": {"session_data": ".eJxVjEsLgkAUhf_LrEPU0XFs14OIIGxV0EbuzL3jK0bxkVD031Nw4-5wvvOdL0t115q-rsiyLcvMDoaiOVX3I2_el5G8c5-4t-RD5fMwPizbsBSGPk-Hjtq0wEnx1p0CPV3NAEuwWe3o2vZtoZx54iy0c6410mu_bFcHOXT5bBspNBqS5BoSpFDIOECfIoJAhUaBijhEXPMoVD5HHktfTBGAMFQcQ_b7A-DfSfM:1uSdbP:REibEGlSuWkXHTK0OfY0ocVarWH1bu-h4H-DJfhFbR8", "expire_date": "2025-07-04T15:24:27.484Z"}}, {"model": "sessions.session", "pk": "yat003ok38ftn2koupl8zt1qbxe1ykn5", "fields": {"session_data": "eyJfY3NyZnRva2VuIjoiTnhXRTJ6aDVYZ0lvbU13MFJpRVNyYlZZbnplaFRta28ifQ:1uUKDs:o3CCXcAmlwAXerV2ryFI6SXS9JIS_AOa45DcqMhaNSA", "expire_date": "2025-07-09T07:07:08.238Z"}}, {"model": "sessions.session", "pk": "yobdbn146a1gv09kx61jieuv4ey6p7s7", "fields": {"session_data": ".eJw9jdEKgjAYRt9lt2X8bpq4OyujmwxKMbwZojOGuoVbUkTv3hDr7vAdDt8bsUoPjVEtl4giL0pC3ByebR5uzAWirHWzsdgrHVyL_mx6tET3rnzxgVWq5rLsuY22p10MxKrfxjp1E5IZMWkM2Hdg7eAgdYESj4K_wiEhISwAKIANNddaKMnKyojRNmZ48P-TqBElS2R42U-MZ57fkzhP4-iIPl-tRz9l:1uV6PF:Zus8xOscwhxvuZQ-z3IdTuSZcoBQiG8zanq3VYCNENE", "expire_date": "2025-07-11T10:34:05.294Z"}}, {"model": "sessions.session", "pk": "yqxoql0y1xpxat53agll23hpnie8sr1i", "fields": {"session_data": "eyJfY3NyZnRva2VuIjoiTkNiaG1xZXJoTW9QckNOeEpGVFRMWXVDUlA5dnhQZjcifQ:1uV2GV:eQIVuh_ftHSm6f3MZlV30Q4dsWM0fPx_h4o_vgZy38s", "expire_date": "2025-07-11T06:08:47.346Z"}}, {"model": "sessions.session", "pk": "z7j1pi77f1y0rc8cmjayvbgfh5guqqq5", "fields": {"session_data": ".eJxFjNsKgjAAhl8ldpvGDmm4y0qDwgzpfgydtZoz3JI0eveGGN39p-9_A1aYtrLNXWhAwTVOT4rcqkM0DLlMUG72XZytXx0mcWDTI_DAQ_FetEyWgGIPWMHrUaNJa14Ld5S0UuhS9bOd8-aPFU0ppskm28YQueqXMdVcpGZWjjWGOPBh6OPVGYaUQAqXCxREOCBz6Ax0oBHGyEYzXljZOca2T_H5AjHLQqM:1uV2b6:FzWzDs0RVJ4y6zsdYE5oo1fdnQ9MN5Fmlkk6r7QKQTg", "expire_date": "2025-07-11T06:30:04.160Z"}}, {"model": "sessions.session", "pk": "ze7wuvd6ce5o2qp9ds9mk09xsjt5osvg", "fields": {"session_data": "eyJfY3NyZnRva2VuIjoiYUh3eXB2aHBKbXM0ejdxSlFrVXRiNmpYOXBTc0lVNE0ifQ:1uV2My:TeAucZgnyG_7SS_mRDb3UJZomvYsmibWz6Qk2WDT2rk", "expire_date": "2025-07-11T06:15:28.901Z"}}, {"model": "sessions.session", "pk": "zqxanswyez3sq7e2tl8xyf3xk812r79c", "fields": {"session_data": "eyJfY3NyZnRva2VuIjoiaEoyTjlrNlUwWUpLSWVjcmZtem1uOXZQZk5YYXJyMzMifQ:1uSdbj:YgbnDR4EG4D55Rb-8sCHLPkT8EHn5m6QmpUNiBHufiA", "expire_date": "2025-07-04T15:24:47.226Z"}}, {"model": "tournaments.tournament", "pk": 1, "fields": {"name": "PFC 3", "description": "", "format": "round_robin", "play_format": "", "has_triplets": false, "has_doublets": false, "has_tete_a_tete": false, "start_date": "2025-06-20T22:32:36Z", "end_date": "2025-06-20T22:32:38Z", "is_active": true, "is_archived": false, "is_multi_stage": false, "created_at": "2025-06-20T22:32:41.637Z", "updated_at": "2025-06-20T22:32:48.043Z", "current_round_number": 0, "automation_status": "idle", "allowed_match_types": {"allowed_match_types": [], "allow_mixed": false}}}, {"model": "tournaments.tournamentteam", "pk": 1, "fields": {"tournament": 1, "team": 1, "is_active": true, "seeding_position": null, "current_stage_number": 1, "swiss_points": 0, "buchholz_score": 0.0, "received_bye_in_round": null, "created_at": "2025-06-20T22:32:41.638Z", "updated_at": "2025-06-20T22:32:41.638Z", "opponents_played": []}}, {"model": "tournaments.tournamentteam", "pk": 2, "fields": {"tournament": 1, "team": 3, "is_active": true, "seeding_position": null, "current_stage_number": 1, "swiss_points": 0, "buchholz_score": 0.0, "received_bye_in_round": null, "created_at": "2025-06-20T22:32:41.639Z", "updated_at": "2025-06-20T22:32:41.639Z", "opponents_played": []}}, {"model": "tournaments.tournamentcourt", "pk": 1, "fields": {"tournament": 1, "court": 1, "assigned_at": "2025-06-20T22:32:41.639Z"}}, {"model": "tournaments.round", "pk": 1, "fields": {"tournament": 1, "stage": null, "number": 1, "number_in_stage": 1, "name": "Round 1", "is_complete": false, "created_at": "2025-06-20T22:32:48.040Z"}}, {"model": "matches.match", "pk": 1, "fields": {"tournament": 1, "stage": null, "round": 1, "bracket": null, "team1": 1, "team2": 3, "team1_score": 0, "team2_score": 12, "status": "completed", "court": 1, "proposed_court": null, "scheduled_time": null, "start_time": "2025-06-20T22:35:12.025Z", "end_time": "2025-06-20T22:35:36.146Z", "duration": "00:00:24.120853", "waiting_for_court": false, "created_at": "2025-06-20T22:32:48.042Z", "updated_at": "2025-06-20T22:35:36.146Z", "winner": 3, "loser": 1, "match_type": "tete_a_tete", "team1_player_count": 1, "team2_player_count": 1}}, {"model": "matches.matchactivation", "pk": 1, "fields": {"match": 1, "team": 1, "activated_at": "2025-06-20T22:34:06.019Z", "pin_used": "000000", "is_initiator": true}}, {"model": "matches.matchactivation", "pk": 2, "fields": {"match": 1, "team": 3, "activated_at": "2025-06-20T22:35:12.019Z", "pin_used": "836162", "is_initiator": false}}, {"model": "matches.matchplayer", "pk": 1, "fields": {"match": 1, "player": 1, "team": 1, "role": "", "match_format": "tete_a_tete"}}, {"model": "matches.matchplayer", "pk": 2, "fields": {"match": 1, "player": 4, "team": 3, "role": "", "match_format": "tete_a_tete"}}, {"model": "matches.matchresult", "pk": 1, "fields": {"match": 1, "submitted_by": 3, "validated_by": 1, "photo_evidence": "", "notes": "", "submitted_at": "2025-06-20T22:35:23.627Z", "validated_at": "2025-06-20T22:35:36.144Z"}}, {"model": "teams.team", "pk": 1, "fields": {"name": "Friendly Games", "pin": "000000", "created_at": "2025-06-20T16:45:39.156Z", "updated_at": "2025-06-20T16:45:39.156Z", "parent_team": null, "is_subteam": false, "subteam_type": null}}, {"model": "teams.team", "pk": 2, "fields": {"name": "NEWTEAM", "pin": "235585", "created_at": "2025-06-20T16:49:13.671Z", "updated_at": "2025-06-20T16:49:13.671Z", "parent_team": null, "is_subteam": false, "subteam_type": null}}, {"model": "teams.team", "pk": 3, "fields": {"name": "newteam", "pin": "836162", "created_at": "2025-06-20T22:31:15.026Z", "updated_at": "2025-06-20T22:31:15.026Z", "parent_team": null, "is_subteam": false, "subteam_type": null}}, {"model": "teams.team", "pk": 4, "fields": {"name": "TREX", "pin": "035417", "created_at": "2025-06-21T01:11:22.068Z", "updated_at": "2025-06-21T01:11:22.068Z", "parent_team": null, "is_subteam": false, "subteam_type": null}}, {"model": "teams.team", "pk": 5, "fields": {"name": "newteam2", "pin": "484300", "created_at": "2025-06-21T01:25:29.135Z", "updated_at": "2025-06-21T01:25:29.135Z", "parent_team": null, "is_subteam": false, "subteam_type": null}}, {"model": "teams.team", "pk": 6, "fields": {"name": "Test Team Fixed", "pin": "223328", "created_at": "2025-06-21T01:36:02.704Z", "updated_at": "2025-06-21T01:36:02.704Z", "parent_team": null, "is_subteam": false, "subteam_type": null}}, {"model": "teams.player", "pk": 1, "fields": {"name": "FULLNAME", "team": 2, "is_captain": false, "created_at": "2025-06-20T16:45:39.159Z", "updated_at": "2025-06-27T10:32:53.784Z"}}, {"model": "teams.player", "pk": 2, "fields": {"name": "ANOTHER1", "team": 1, "is_captain": false, "created_at": "2025-06-20T16:47:58.649Z", "updated_at": "2025-06-20T16:47:58.649Z"}}, {"model": "teams.player", "pk": 3, "fields": {"name": "CODE03", "team": 2, "is_captain": false, "created_at": "2025-06-20T16:49:13.673Z", "updated_at": "2025-06-20T16:49:13.673Z"}}, {"model": "teams.player", "pk": 4, "fields": {"name": "wowo", "team": 3, "is_captain": false, "created_at": "2025-06-20T22:35:04.413Z", "updated_at": "2025-06-20T22:35:04.413Z"}}, {"model": "teams.player", "pk": 5, "fields": {"name": "JAM007", "team": 4, "is_captain": false, "created_at": "2025-06-21T01:11:22.069Z", "updated_at": "2025-06-21T01:11:22.069Z"}}, {"model": "teams.player", "pk": 6, "fields": {"name": "Test Player Fixed", "team": 1, "is_captain": false, "created_at": "2025-06-21T01:22:48.958Z", "updated_at": "2025-06-21T01:22:48.958Z"}}, {"model": "teams.player", "pk": 7, "fields": {"name": "123456", "team": 5, "is_captain": false, "created_at": "2025-06-21T01:25:29.136Z", "updated_at": "2025-06-21T01:25:29.136Z"}}, {"model": "teams.player", "pk": 8, "fields": {"name": "John Smith", "team": 6, "is_captain": false, "created_at": "2025-06-21T01:36:02.706Z", "updated_at": "2025-06-21T01:36:02.706Z"}}, {"model": "teams.playerprofile", "pk": 1, "fields": {"player": 1, "email": "", "phone": null, "date_of_birth": null, "bio": null, "skill_level": 1, "matches_played": 1, "matches_won": 0, "value": 104.93, "rating_history": [{"timestamp": "2025-06-20T16:56:41.573231+00:00", "old_value": 100.0, "new_value": 104.5, "change": 4.5, "opponent_value": 100.0, "own_score": 13, "opponent_score": 4, "match_type": "tournament", "match_id": "friendly_1"}, {"timestamp": "2025-06-20T17:04:41.489676+00:00", "old_value": 104.5, "new_value": 97.93, "change": -6.57, "opponent_value": 95.5, "own_score": 1, "opponent_score": 13, "match_type": "tournament", "match_id": "friendly_2"}, {"timestamp": "2025-06-20T22:35:36.152695+00:00", "old_value": 97.93, "new_value": 92.05000000000001, "change": -5.88, "opponent_value": 100.0, "own_score": 0, "opponent_score": 12, "match_type": "tournament", "match_id": 1}, {"timestamp": "2025-06-27T05:12:29.104366+00:00", "old_value": 92.05000000000001, "new_value": 97.48000000000002, "change": 5.43, "opponent_value": 100.0, "own_score": 13, "opponent_score": 3, "match_type": "tournament", "match_id": "friendly_7"}, {"timestamp": "2025-06-27T05:30:01.089422+00:00", "old_value": 97.48000000000002, "new_value": 97.97000000000001, "change": 0.49, "opponent_value": 94.57, "own_score": 10, "opponent_score": 9, "match_type": "tournament", "match_id": "friendly_8"}, {"timestamp": "2025-06-27T08:16:12.123816+00:00", "old_value": 97.97000000000001, "new_value": 93.38000000000001, "change": -4.59, "opponent_value": 95.94999999999999, "own_score": 4, "opponent_score": 13, "match_type": "tournament", "match_id": "friendly_16"}, {"timestamp": "2025-06-27T08:20:53.023132+00:00", "old_value": 93.38000000000001, "new_value": 98.76, "change": 5.38, "opponent_value": 100.53999999999999, "own_score": 13, "opponent_score": 3, "match_type": "tournament", "match_id": "friendly_18"}, {"timestamp": "2025-06-27T08:38:37.411248+00:00", "old_value": 98.76, "new_value": 99.24000000000001, "change": 0.48, "opponent_value": 95.16, "own_score": 13, "opponent_score": 12, "match_type": "tournament", "match_id": "friendly_20"}, {"timestamp": "2025-06-27T10:34:43.787048+00:00", "old_value": 99.24000000000001, "new_value": 104.93, "change": 5.69, "opponent_value": 94.08, "own_score": 12, "opponent_score": 0, "match_type": "tournament", "match_id": "friendly_21"}], "preferred_position": null, "profile_picture": "player_profiles/đĺôÁ_tribal_logo.jpg", "created_at": "2025-06-20T16:45:39.161Z", "updated_at": "2025-06-27T10:34:43.787Z"}}, {"model": "teams.playerprofile", "pk": 2, "fields": {"player": 2, "email": "", "phone": null, "date_of_birth": null, "bio": null, "skill_level": 1, "matches_played": 1, "matches_won": 0, "value": 94.67999999999999, "rating_history": [{"timestamp": "2025-06-20T16:56:41.570302+00:00", "old_value": 100.0, "new_value": 95.5, "change": -4.5, "opponent_value": 100.0, "own_score": 4, "opponent_score": 13, "match_type": "tournament", "match_id": "friendly_1"}, {"timestamp": "2025-06-20T17:04:41.480081+00:00", "old_value": 95.5, "new_value": 102.07, "change": 6.57, "opponent_value": 104.5, "own_score": 13, "opponent_score": 1, "match_type": "tournament", "match_id": "friendly_2"}, {"timestamp": "2025-06-20T22:35:36.153444+00:00", "old_value": 102.07, "new_value": 95.94999999999999, "change": -6.12, "opponent_value": 100.0, "own_score": 0, "opponent_score": 12, "match_type": "tournament", "match_id": 1}, {"timestamp": "2025-06-27T08:16:12.124691+00:00", "old_value": 95.94999999999999, "new_value": 100.53999999999999, "change": 4.59, "opponent_value": 97.97000000000001, "own_score": 13, "opponent_score": 4, "match_type": "tournament", "match_id": "friendly_16"}, {"timestamp": "2025-06-27T08:20:53.024048+00:00", "old_value": 100.53999999999999, "new_value": 95.16, "change": -5.38, "opponent_value": 93.38000000000001, "own_score": 3, "opponent_score": 13, "match_type": "tournament", "match_id": "friendly_18"}, {"timestamp": "2025-06-27T08:38:37.412218+00:00", "old_value": 95.16, "new_value": 94.67999999999999, "change": -0.48, "opponent_value": 98.76, "own_score": 12, "opponent_score": 13, "match_type": "tournament", "match_id": "friendly_20"}], "preferred_position": null, "profile_picture": "", "created_at": "2025-06-20T16:47:58.689Z", "updated_at": "2025-06-27T08:38:37.412Z"}}, {"model": "teams.playerprofile", "pk": 3, "fields": {"player": 3, "email": "", "phone": null, "date_of_birth": null, "bio": null, "skill_level": 1, "matches_played": 0, "matches_won": 0, "value": 88.39, "rating_history": [{"timestamp": "2025-06-27T05:12:29.105317+00:00", "old_value": 100.0, "new_value": 94.57, "change": -5.43, "opponent_value": 92.05000000000001, "own_score": 3, "opponent_score": 13, "match_type": "tournament", "match_id": "friendly_7"}, {"timestamp": "2025-06-27T05:30:01.087276+00:00", "old_value": 94.57, "new_value": 94.08, "change": -0.49, "opponent_value": 97.48000000000002, "own_score": 9, "opponent_score": 10, "match_type": "tournament", "match_id": "friendly_8"}, {"timestamp": "2025-06-27T10:34:43.788099+00:00", "old_value": 94.08, "new_value": 88.39, "change": -5.69, "opponent_value": 99.24000000000001, "own_score": 0, "opponent_score": 12, "match_type": "tournament", "match_id": "friendly_21"}], "preferred_position": null, "profile_picture": "", "created_at": "2025-06-20T16:49:13.675Z", "updated_at": "2025-06-27T10:34:43.788Z"}}, {"model": "teams.playerprofile", "pk": 4, "fields": {"player": 5, "email": "", "phone": null, "date_of_birth": null, "bio": null, "skill_level": 1, "matches_played": 0, "matches_won": 0, "value": 100.0, "rating_history": [], "preferred_position": null, "profile_picture": "player_profiles/temp_profile_4401e4ad-dbe2-44ab-a020-427c5976c910.jpg", "created_at": "2025-06-21T01:11:22.073Z", "updated_at": "2025-06-21T01:11:22.206Z"}}, {"model": "teams.playerprofile", "pk": 5, "fields": {"player": 6, "email": "", "phone": null, "date_of_birth": null, "bio": null, "skill_level": 1, "matches_played": 1, "matches_won": 0, "value": 100.0, "rating_history": [], "preferred_position": null, "profile_picture": "", "created_at": "2025-06-21T01:22:48.961Z", "updated_at": "2025-06-21T01:22:48.961Z"}}, {"model": "teams.playerprofile", "pk": 6, "fields": {"player": 7, "email": "", "phone": null, "date_of_birth": null, "bio": null, "skill_level": 1, "matches_played": 0, "matches_won": 0, "value": 100.0, "rating_history": [], "preferred_position": null, "profile_picture": "player_profiles/temp_profile_09090dc9-4519-40ec-97f7-1f6a26f08048.png", "created_at": "2025-06-21T01:25:29.139Z", "updated_at": "2025-06-21T01:25:29.140Z"}}, {"model": "teams.playerprofile", "pk": 7, "fields": {"player": 8, "email": "", "phone": null, "date_of_birth": null, "bio": null, "skill_level": 1, "matches_played": 0, "matches_won": 0, "value": 100.0, "rating_history": [], "preferred_position": null, "profile_picture": "", "created_at": "2025-06-21T01:36:02.709Z", "updated_at": "2025-06-21T01:36:02.709Z"}}, {"model": "teams.teamprofile", "pk": 1, "fields": {"team": 1, "logo_svg": "", "team_photo_jpg": "", "team_value": 100.0, "value_history": [], "badges": [], "achievements": {}, "is_friendly_team": false, "profile_type": "full", "matches_played": 0, "matches_won": 0, "tournaments_participated": 0, "tournaments_won": 0, "description": "Default team for friendly games and casual players", "founded_date": null, "motto": "Play for fun!", "created_at": "2025-06-20T16:45:39.157Z", "updated_at": "2025-06-20T16:45:39.157Z"}}, {"model": "teams.teamprofile", "pk": 2, "fields": {"team": 2, "logo_svg": "team_logos/pfc_LOGO_friendly_t_shirt.svg", "team_photo_jpg": "team_photos/pfc_LOGO_fiendly_no_outline.jpg", "team_value": 105.0, "value_history": [{"timestamp": "2025-06-20T16:50:43.610925+00:00", "old_value": 100.0, "new_value": 105.0, "reason": "roster_change", "change": 5.0}], "badges": [], "achievements": {}, "is_friendly_team": false, "profile_type": "full", "matches_played": 0, "matches_won": 0, "tournaments_participated": 0, "tournaments_won": 0, "description": "", "founded_date": null, "motto": null, "created_at": "2025-06-20T16:49:24.922Z", "updated_at": "2025-06-20T16:51:30.626Z"}}, {"model": "teams.teamprofile", "pk": 3, "fields": {"team": 4, "logo_svg": "", "team_photo_jpg": "", "team_value": 100.0, "value_history": [], "badges": [], "achievements": {}, "is_friendly_team": false, "profile_type": "full", "matches_played": 0, "matches_won": 0, "tournaments_participated": 0, "tournaments_won": 0, "description": null, "founded_date": null, "motto": null, "created_at": "2025-06-21T01:11:33.080Z", "updated_at": "2025-06-21T01:11:33.080Z"}}, {"model": "teams.teamprofile", "pk": 4, "fields": {"team": 5, "logo_svg": "", "team_photo_jpg": "", "team_value": 100.0, "value_history": [], "badges": [], "achievements": {}, "is_friendly_team": false, "profile_type": "full", "matches_played": 0, "matches_won": 0, "tournaments_participated": 0, "tournaments_won": 0, "description": null, "founded_date": null, "motto": null, "created_at": "2025-06-21T01:25:38.340Z", "updated_at": "2025-06-21T01:25:38.340Z"}}, {"model": "teams.teamprofile", "pk": 5, "fields": {"team": 6, "logo_svg": "", "team_photo_jpg": "", "team_value": 100.0, "value_history": [], "badges": [], "achievements": {}, "is_friendly_team": false, "profile_type": "full", "matches_played": 0, "matches_won": 0, "tournaments_participated": 0, "tournaments_won": 0, "description": null, "founded_date": null, "motto": null, "created_at": "2025-06-27T10:32:20.525Z", "updated_at": "2025-06-27T10:32:20.525Z"}}, {"model": "teams.teamprofile", "pk": 6, "fields": {"team": 3, "logo_svg": "", "team_photo_jpg": "", "team_value": 100.0, "value_history": [], "badges": [], "achievements": {}, "is_friendly_team": false, "profile_type": "full", "matches_played": 0, "matches_won": 0, "tournaments_participated": 0, "tournaments_won": 0, "description": null, "founded_date": null, "motto": null, "created_at": "2025-06-27T10:32:20.528Z", "updated_at": "2025-06-27T10:32:20.528Z"}}, {"model": "leaderboards.leaderboard", "pk": 1, "fields": {"tournament": 1, "last_updated": "2025-06-20T22:35:48.749Z"}}, {"model": "leaderboards.leaderboardentry", "pk": 1, "fields": {"leaderboard": 1, "team": 1, "position": 2, "matches_played": 1, "matches_won": 0, "matches_lost": 1, "points_scored": 0, "points_conceded": 12}}, {"model": "leaderboards.leaderboardentry", "pk": 2, "fields": {"leaderboard": 1, "team": 3, "position": 1, "matches_played": 1, "matches_won": 1, "matches_lost": 0, "points_scored": 12, "points_conceded": 0}}, {"model": "courts.court", "pk": 1, "fields": {"number": 1, "name": "one", "location_description": "", "is_available": true}}, {"model": "courts.courtcomplex", "pk": 1, "fields": {"name": "areos", "description": "sgs", "distance_to_toilet": null, "distance_to_water_hose": null, "has_shadow_daytime": false, "has_night_lighting": false, "public_accessibility": 3, "google_maps_url": "", "public_hours": "", "created_at": "2025-06-20T22:43:17.094Z", "updated_at": "2025-06-20T22:43:17.094Z", "courts": [1]}}, {"model": "courts.courtcomplexphoto", "pk": 1, "fields": {"court_complex": 1, "image": "court_complex_photos/battle_of_the_boules_TET_ńĺâéďő.jpg", "caption": "", "is_cover": false, "uploaded_at": "2025-06-21T01:45:04.948Z"}}, {"model": "billboard.billboardentry", "pk": 1, "fields": {"codename": "TREX00", "action_type": "GOING_TO_COURTS", "court_complex": 1, "scheduled_time": "22:00", "scheduled_date": "2025-06-20", "opponent_team": null, "message": "", "created_at": "2025-06-20T22:43:54.853Z", "updated_at": "2025-06-20T22:43:54.853Z", "is_active": true, "is_confirmed": false}}, {"model": "billboard.billboardsettings", "pk": 1, "fields": {"max_entries_per_day": 2, "entry_expiry_hours": 24, "is_enabled": true}}, {"model": "friendly_games.playercodename", "pk": 1, "fields": {"player": 1, "codename": "CODE00", "created_at": "2025-06-20T16:45:39.160Z", "updated_at": "2025-06-20T16:45:39.160Z"}}, {"model": "friendly_games.playercodename", "pk": 2, "fields": {"player": 2, "codename": "CODE01", "created_at": "2025-06-20T16:47:58.651Z", "updated_at": "2025-06-20T16:47:58.651Z"}}, {"model": "friendly_games.playercodename", "pk": 3, "fields": {"player": 3, "codename": "CODE03", "created_at": "2025-06-20T16:49:13.674Z", "updated_at": "2025-06-20T16:49:13.674Z"}}, {"model": "friendly_games.playercodename", "pk": 4, "fields": {"player": 5, "codename": "JAM007", "created_at": "2025-06-21T01:11:22.071Z", "updated_at": "2025-06-21T01:11:22.071Z"}}, {"model": "friendly_games.playercodename", "pk": 5, "fields": {"player": 6, "codename": "FIXED1", "created_at": "2025-06-21T01:22:48.960Z", "updated_at": "2025-06-21T01:22:48.960Z"}}, {"model": "friendly_games.playercodename", "pk": 6, "fields": {"player": 7, "codename": "123456", "created_at": "2025-06-21T01:25:29.138Z", "updated_at": "2025-06-21T01:25:29.138Z"}}, {"model": "friendly_games.playercodename", "pk": 7, "fields": {"player": 8, "codename": "JOHN99", "created_at": "2025-06-21T01:36:02.708Z", "updated_at": "2025-06-21T01:36:02.708Z"}}, {"model": "friendly_games.friendlygame", "pk": 1, "fields": {"name": "Friendly Game", "game_pin": null, "match_number": "4150", "expires_at": "2025-07-20T16:52:20.382Z", "validation_status": "FULLY_VALIDATED", "status": "COMPLETED", "target_score": 13, "created_at": "2025-06-20T16:52:20.382Z", "started_at": "2025-06-20T16:55:53.198Z", "completed_at": "2025-06-20T16:56:41.547Z", "black_team_score": 4, "white_team_score": 13}}, {"model": "friendly_games.friendlygame", "pk": 2, "fields": {"name": "Friendly Game", "game_pin": null, "match_number": "1757", "expires_at": "2025-07-20T17:03:38.615Z", "validation_status": "FULLY_VALIDATED", "status": "COMPLETED", "target_score": 13, "created_at": "2025-06-20T17:03:38.615Z", "started_at": "2025-06-20T17:04:03.550Z", "completed_at": "2025-06-20T17:04:41.457Z", "black_team_score": 13, "white_team_score": 1}}, {"model": "friendly_games.friendlygame", "pk": 3, "fields": {"name": "Friendly Game", "game_pin": null, "match_number": "2851", "expires_at": "2025-07-21T16:29:35.078Z", "validation_status": "PARTIALLY_VALIDATED", "status": "WAITING_FOR_PLAYERS", "target_score": 13, "created_at": "2025-06-21T16:29:35.078Z", "started_at": null, "completed_at": null, "black_team_score": 0, "white_team_score": 0}}, {"model": "friendly_games.friendlygame", "pk": 4, "fields": {"name": "Friendly Game", "game_pin": null, "match_number": "5042", "expires_at": "2025-07-22T07:51:56.032Z", "validation_status": "PARTIALLY_VALIDATED", "status": "WAITING_FOR_PLAYERS", "target_score": 13, "created_at": "2025-06-22T07:51:56.032Z", "started_at": null, "completed_at": null, "black_team_score": 0, "white_team_score": 0}}, {"model": "friendly_games.friendlygame", "pk": 5, "fields": {"name": "Friendly Game", "game_pin": null, "match_number": "6339", "expires_at": "2025-07-22T08:05:09.844Z", "validation_status": "PARTIALLY_VALIDATED", "status": "ACTIVE", "target_score": 13, "created_at": "2025-06-22T08:05:09.844Z", "started_at": null, "completed_at": null, "black_team_score": 0, "white_team_score": 0}}, {"model": "friendly_games.friendlygame", "pk": 6, "fields": {"name": "Friendly Game", "game_pin": null, "match_number": "7963", "expires_at": "2025-07-22T08:20:03.792Z", "validation_status": "PARTIALLY_VALIDATED", "status": "WAITING_FOR_PLAYERS", "target_score": 13, "created_at": "2025-06-22T08:20:03.792Z", "started_at": null, "completed_at": null, "black_team_score": 0, "white_team_score": 0}}, {"model": "friendly_games.friendlygame", "pk": 7, "fields": {"name": "Friendly Game", "game_pin": null, "match_number": "3820", "expires_at": "2025-07-27T05:10:51.385Z", "validation_status": "FULLY_VALIDATED", "status": "COMPLETED", "target_score": 13, "created_at": "2025-06-27T05:10:51.386Z", "started_at": null, "completed_at": null, "black_team_score": 13, "white_team_score": 3}}, {"model": "friendly_games.friendlygame", "pk": 8, "fields": {"name": "Friendly Game", "game_pin": null, "match_number": "1194", "expires_at": "2025-07-27T05:28:59.381Z", "validation_status": "FULLY_VALIDATED", "status": "COMPLETED", "target_score": 13, "created_at": "2025-06-27T05:28:59.381Z", "started_at": null, "completed_at": null, "black_team_score": 9, "white_team_score": 10}}, {"model": "friendly_games.friendlygame", "pk": 9, "fields": {"name": "Friendly Game", "game_pin": null, "match_number": "5606", "expires_at": "2025-07-27T05:41:38.900Z", "validation_status": "PARTIALLY_VALIDATED", "status": "COMPLETED", "target_score": 13, "created_at": "2025-06-27T05:41:38.901Z", "started_at": null, "completed_at": "2025-06-27T05:48:31.797Z", "black_team_score": 1, "white_team_score": 11}}, {"model": "friendly_games.friendlygame", "pk": 10, "fields": {"name": "Friendly Game", "game_pin": null, "match_number": "6904", "expires_at": "2025-07-27T05:52:26.854Z", "validation_status": "NOT_VALIDATED", "status": "PENDING_VALIDATION", "target_score": 13, "created_at": "2025-06-27T05:52:26.854Z", "started_at": null, "completed_at": null, "black_team_score": 11, "white_team_score": 13}}, {"model": "friendly_games.friendlygame", "pk": 11, "fields": {"name": "Friendly Game", "game_pin": null, "match_number": "1827", "expires_at": "2025-07-27T06:10:58.529Z", "validation_status": "FULLY_VALIDATED", "status": "ACTIVE", "target_score": 13, "created_at": "2025-06-27T06:10:58.529Z", "started_at": null, "completed_at": null, "black_team_score": 0, "white_team_score": 0}}, {"model": "friendly_games.friendlygame", "pk": 12, "fields": {"name": "Friendly Game", "game_pin": null, "match_number": "6937", "expires_at": "2025-07-27T06:16:06.867Z", "validation_status": "FULLY_VALIDATED", "status": "ACTIVE", "target_score": 13, "created_at": "2025-06-27T06:16:06.867Z", "started_at": null, "completed_at": null, "black_team_score": 0, "white_team_score": 0}}, {"model": "friendly_games.friendlygame", "pk": 13, "fields": {"name": "Friendly Game", "game_pin": null, "match_number": "4338", "expires_at": "2025-07-27T06:28:21.524Z", "validation_status": "NOT_VALIDATED", "status": "PENDING_VALIDATION", "target_score": 13, "created_at": "2025-06-27T06:28:21.524Z", "started_at": null, "completed_at": null, "black_team_score": 13, "white_team_score": 8}}, {"model": "friendly_games.friendlygame", "pk": 14, "fields": {"name": "Friendly Game", "game_pin": null, "match_number": "4707", "expires_at": "2025-07-27T07:59:52.843Z", "validation_status": "PARTIALLY_VALIDATED", "status": "COMPLETED", "target_score": 13, "created_at": "2025-06-27T07:59:52.843Z", "started_at": null, "completed_at": "2025-06-27T08:01:09.930Z", "black_team_score": 5, "white_team_score": 7}}, {"model": "friendly_games.friendlygame", "pk": 15, "fields": {"name": "Friendly Game", "game_pin": null, "match_number": "5758", "expires_at": "2025-07-27T08:04:00.428Z", "validation_status": "PARTIALLY_VALIDATED", "status": "COMPLETED", "target_score": 13, "created_at": "2025-06-27T08:04:00.428Z", "started_at": null, "completed_at": "2025-06-27T08:05:23.680Z", "black_team_score": 0, "white_team_score": 12}}, {"model": "friendly_games.friendlygame", "pk": 16, "fields": {"name": "Friendly Game", "game_pin": null, "match_number": "8032", "expires_at": "2025-07-27T08:15:30.532Z", "validation_status": "FULLY_VALIDATED", "status": "COMPLETED", "target_score": 13, "created_at": "2025-06-27T08:15:30.532Z", "started_at": null, "completed_at": "2025-06-27T08:16:12.101Z", "black_team_score": 4, "white_team_score": 13}}, {"model": "friendly_games.friendlygame", "pk": 17, "fields": {"name": "Friendly Game", "game_pin": null, "match_number": "5255", "expires_at": "2025-07-27T08:16:31.674Z", "validation_status": "PARTIALLY_VALIDATED", "status": "COMPLETED", "target_score": 13, "created_at": "2025-06-27T08:16:31.674Z", "started_at": null, "completed_at": "2025-06-27T08:17:53.399Z", "black_team_score": 13, "white_team_score": 12}}, {"model": "friendly_games.friendlygame", "pk": 18, "fields": {"name": "Friendly Game", "game_pin": null, "match_number": "6968", "expires_at": "2025-07-27T08:19:39.413Z", "validation_status": "PARTIALLY_VALIDATED", "status": "COMPLETED", "target_score": 13, "created_at": "2025-06-27T08:19:39.413Z", "started_at": null, "completed_at": "2025-06-27T08:20:52.995Z", "black_team_score": 13, "white_team_score": 3}}, {"model": "friendly_games.friendlygame", "pk": 19, "fields": {"name": "Friendly Game", "game_pin": null, "match_number": "6531", "expires_at": "2025-07-27T08:35:02.100Z", "validation_status": "PARTIALLY_VALIDATED", "status": "COMPLETED", "target_score": 13, "created_at": "2025-06-27T08:35:02.100Z", "started_at": null, "completed_at": "2025-06-27T08:35:52.391Z", "black_team_score": 13, "white_team_score": 1}}, {"model": "friendly_games.friendlygame", "pk": 20, "fields": {"name": "Friendly Game", "game_pin": null, "match_number": "5432", "expires_at": "2025-07-27T08:36:58.941Z", "validation_status": "FULLY_VALIDATED", "status": "COMPLETED", "target_score": 13, "created_at": "2025-06-27T08:36:58.941Z", "started_at": null, "completed_at": "2025-06-27T08:38:37.383Z", "black_team_score": 13, "white_team_score": 12}}, {"model": "friendly_games.friendlygame", "pk": 21, "fields": {"name": "Friendly Game", "game_pin": null, "match_number": "4895", "expires_at": "2025-07-27T10:33:30.674Z", "validation_status": "FULLY_VALIDATED", "status": "COMPLETED", "target_score": 13, "created_at": "2025-06-27T10:33:30.674Z", "started_at": null, "completed_at": "2025-06-27T10:34:43.765Z", "black_team_score": 12, "white_team_score": 0}}, {"model": "friendly_games.friendlygameplayer", "pk": 1, "fields": {"game": 1, "player": 2, "team": "BLACK", "position": "MILIEU", "provided_codename": "CODE01", "codename_verified": true, "points_scored": 0, "games_won": 0, "games_lost": 1, "created_at": "2025-06-20T16:52:20.385Z"}}, {"model": "friendly_games.friendlygameplayer", "pk": 2, "fields": {"game": 1, "player": 1, "team": "WHITE", "position": "TIRER", "provided_codename": "CODE00", "codename_verified": true, "points_scored": 0, "games_won": 1, "games_lost": 0, "created_at": "2025-06-20T16:55:50.276Z"}}, {"model": "friendly_games.friendlygameplayer", "pk": 3, "fields": {"game": 2, "player": 2, "team": "BLACK", "position": "MILIEU", "provided_codename": "CODE01", "codename_verified": true, "points_scored": 0, "games_won": 1, "games_lost": 0, "created_at": "2025-06-20T17:03:38.619Z"}}, {"model": "friendly_games.friendlygameplayer", "pk": 4, "fields": {"game": 2, "player": 1, "team": "WHITE", "position": "POINTEUR", "provided_codename": "CODE00", "codename_verified": true, "points_scored": 0, "games_won": 0, "games_lost": 1, "created_at": "2025-06-20T17:03:59.565Z"}}, {"model": "friendly_games.friendlygameplayer", "pk": 5, "fields": {"game": 3, "player": 1, "team": "BLACK", "position": "MILIEU", "provided_codename": "CODE00", "codename_verified": true, "points_scored": 0, "games_won": 0, "games_lost": 0, "created_at": "2025-06-21T16:29:35.081Z"}}, {"model": "friendly_games.friendlygameplayer", "pk": 6, "fields": {"game": 4, "player": 1, "team": "BLACK", "position": "MILIEU", "provided_codename": "CODE00", "codename_verified": true, "points_scored": 0, "games_won": 0, "games_lost": 0, "created_at": "2025-06-22T07:51:56.035Z"}}, {"model": "friendly_games.friendlygameplayer", "pk": 7, "fields": {"game": 5, "player": 1, "team": "BLACK", "position": "MILIEU", "provided_codename": "CODE00", "codename_verified": true, "points_scored": 0, "games_won": 0, "games_lost": 0, "created_at": "2025-06-22T08:05:09.847Z"}}, {"model": "friendly_games.friendlygameplayer", "pk": 8, "fields": {"game": 5, "player": 6, "team": "BLACK", "position": "MILIEU", "provided_codename": "", "codename_verified": false, "points_scored": 0, "games_won": 0, "games_lost": 0, "created_at": "2025-06-22T08:05:09.849Z"}}, {"model": "friendly_games.friendlygameplayer", "pk": 9, "fields": {"game": 5, "player": 2, "team": "WHITE", "position": "MILIEU", "provided_codename": "", "codename_verified": false, "points_scored": 0, "games_won": 0, "games_lost": 0, "created_at": "2025-06-22T08:05:09.850Z"}}, {"model": "friendly_games.friendlygameplayer", "pk": 10, "fields": {"game": 5, "player": 4, "team": "WHITE", "position": "MILIEU", "provided_codename": "", "codename_verified": false, "points_scored": 0, "games_won": 0, "games_lost": 0, "created_at": "2025-06-22T08:05:09.851Z"}}, {"model": "friendly_games.friendlygameplayer", "pk": 11, "fields": {"game": 5, "player": 8, "team": "BLACK", "position": "POINTEUR", "provided_codename": "JOHN99", "codename_verified": true, "points_scored": 0, "games_won": 0, "games_lost": 0, "created_at": "2025-06-22T08:11:05.480Z"}}, {"model": "friendly_games.friendlygameplayer", "pk": 12, "fields": {"game": 6, "player": 8, "team": "BLACK", "position": "MILIEU", "provided_codename": "JOHN99", "codename_verified": true, "points_scored": 0, "games_won": 0, "games_lost": 0, "created_at": "2025-06-22T08:20:03.795Z"}}, {"model": "friendly_games.friendlygameplayer", "pk": 13, "fields": {"game": 6, "player": 1, "team": "BLACK", "position": "MILIEU", "provided_codename": "", "codename_verified": false, "points_scored": 0, "games_won": 0, "games_lost": 0, "created_at": "2025-06-22T08:20:03.796Z"}}, {"model": "friendly_games.friendlygameplayer", "pk": 14, "fields": {"game": 6, "player": 4, "team": "WHITE", "position": "MILIEU", "provided_codename": "", "codename_verified": false, "points_scored": 0, "games_won": 0, "games_lost": 0, "created_at": "2025-06-22T08:20:03.797Z"}}, {"model": "friendly_games.friendlygameplayer", "pk": 15, "fields": {"game": 7, "player": 1, "team": "BLACK", "position": "MILIEU", "provided_codename": "CODE00", "codename_verified": true, "points_scored": 0, "games_won": 0, "games_lost": 0, "created_at": "2025-06-27T05:10:51.582Z"}}, {"model": "friendly_games.friendlygameplayer", "pk": 16, "fields": {"game": 7, "player": 6, "team": "BLACK", "position": "MILIEU", "provided_codename": "", "codename_verified": false, "points_scored": 0, "games_won": 0, "games_lost": 0, "created_at": "2025-06-27T05:10:51.584Z"}}, {"model": "friendly_games.friendlygameplayer", "pk": 17, "fields": {"game": 7, "player": 4, "team": "BLACK", "position": "MILIEU", "provided_codename": "", "codename_verified": false, "points_scored": 0, "games_won": 0, "games_lost": 0, "created_at": "2025-06-27T05:10:51.585Z"}}, {"model": "friendly_games.friendlygameplayer", "pk": 18, "fields": {"game": 7, "player": 3, "team": "WHITE", "position": "TIRER", "provided_codename": "CODE03", "codename_verified": true, "points_scored": 0, "games_won": 0, "games_lost": 0, "created_at": "2025-06-27T05:11:59.397Z"}}, {"model": "friendly_games.friendlygameplayer", "pk": 19, "fields": {"game": 8, "player": 3, "team": "BLACK", "position": "MILIEU", "provided_codename": "CODE03", "codename_verified": true, "points_scored": 0, "games_won": 0, "games_lost": 0, "created_at": "2025-06-27T05:28:59.384Z"}}, {"model": "friendly_games.friendlygameplayer", "pk": 20, "fields": {"game": 8, "player": 6, "team": "BLACK", "position": "MILIEU", "provided_codename": "", "codename_verified": false, "points_scored": 0, "games_won": 0, "games_lost": 0, "created_at": "2025-06-27T05:28:59.386Z"}}, {"model": "friendly_games.friendlygameplayer", "pk": 21, "fields": {"game": 8, "player": 1, "team": "WHITE", "position": "TIRER", "provided_codename": "CODE00", "codename_verified": true, "points_scored": 0, "games_won": 0, "games_lost": 0, "created_at": "2025-06-27T05:29:40.710Z"}}, {"model": "friendly_games.friendlygameplayer", "pk": 22, "fields": {"game": 9, "player": 1, "team": "BLACK", "position": "MILIEU", "provided_codename": "CODE00", "codename_verified": true, "points_scored": 0, "games_won": 0, "games_lost": 1, "created_at": "2025-06-27T05:41:38.903Z"}}, {"model": "friendly_games.friendlygameplayer", "pk": 23, "fields": {"game": 9, "player": 4, "team": "BLACK", "position": "MILIEU", "provided_codename": "", "codename_verified": false, "points_scored": 0, "games_won": 0, "games_lost": 1, "created_at": "2025-06-27T05:41:38.905Z"}}, {"model": "friendly_games.friendlygameplayer", "pk": 24, "fields": {"game": 9, "player": 3, "team": "WHITE", "position": "TIRER", "provided_codename": "CODE03", "codename_verified": true, "points_scored": 0, "games_won": 1, "games_lost": 0, "created_at": "2025-06-27T05:42:01.191Z"}}, {"model": "friendly_games.friendlygameplayer", "pk": 25, "fields": {"game": 10, "player": 1, "team": "BLACK", "position": "POINTEUR", "provided_codename": "CODE00", "codename_verified": true, "points_scored": 0, "games_won": 0, "games_lost": 0, "created_at": "2025-06-27T05:52:26.858Z"}}, {"model": "friendly_games.friendlygameplayer", "pk": 26, "fields": {"game": 10, "player": 6, "team": "BLACK", "position": "MILIEU", "provided_codename": "", "codename_verified": false, "points_scored": 0, "games_won": 0, "games_lost": 0, "created_at": "2025-06-27T05:52:26.860Z"}}, {"model": "friendly_games.friendlygameplayer", "pk": 27, "fields": {"game": 10, "player": 4, "team": "BLACK", "position": "MILIEU", "provided_codename": "", "codename_verified": false, "points_scored": 0, "games_won": 0, "games_lost": 0, "created_at": "2025-06-27T05:52:26.861Z"}}, {"model": "friendly_games.friendlygameplayer", "pk": 28, "fields": {"game": 10, "player": 3, "team": "WHITE", "position": "TIRER", "provided_codename": "CODE03", "codename_verified": true, "points_scored": 0, "games_won": 0, "games_lost": 0, "created_at": "2025-06-27T05:53:17.095Z"}}, {"model": "friendly_games.friendlygameplayer", "pk": 29, "fields": {"game": 11, "player": 1, "team": "BLACK", "position": "POINTEUR", "provided_codename": "CODE00", "codename_verified": true, "points_scored": 0, "games_won": 0, "games_lost": 0, "created_at": "2025-06-27T06:10:58.532Z"}}, {"model": "friendly_games.friendlygameplayer", "pk": 30, "fields": {"game": 11, "player": 4, "team": "BLACK", "position": "MILIEU", "provided_codename": "", "codename_verified": false, "points_scored": 0, "games_won": 0, "games_lost": 0, "created_at": "2025-06-27T06:10:58.534Z"}}, {"model": "friendly_games.friendlygameplayer", "pk": 31, "fields": {"game": 11, "player": 3, "team": "WHITE", "position": "TIRER", "provided_codename": "CODE03", "codename_verified": true, "points_scored": 0, "games_won": 0, "games_lost": 0, "created_at": "2025-06-27T06:12:15.757Z"}}, {"model": "friendly_games.friendlygameplayer", "pk": 32, "fields": {"game": 12, "player": 1, "team": "BLACK", "position": "MILIEU", "provided_codename": "CODE00", "codename_verified": true, "points_scored": 0, "games_won": 0, "games_lost": 0, "created_at": "2025-06-27T06:16:06.873Z"}}, {"model": "friendly_games.friendlygameplayer", "pk": 33, "fields": {"game": 12, "player": 2, "team": "WHITE", "position": "TIRER", "provided_codename": "CODE01", "codename_verified": true, "points_scored": 0, "games_won": 0, "games_lost": 0, "created_at": "2025-06-27T06:16:41.971Z"}}, {"model": "friendly_games.friendlygameplayer", "pk": 34, "fields": {"game": 13, "player": 1, "team": "BLACK", "position": "MILIEU", "provided_codename": "CODE00", "codename_verified": true, "points_scored": 0, "games_won": 0, "games_lost": 0, "created_at": "2025-06-27T06:28:21.527Z"}}, {"model": "friendly_games.friendlygameplayer", "pk": 35, "fields": {"game": 13, "player": 2, "team": "WHITE", "position": "TIRER", "provided_codename": "CODE01", "codename_verified": true, "points_scored": 0, "games_won": 0, "games_lost": 0, "created_at": "2025-06-27T06:28:43.966Z"}}, {"model": "friendly_games.friendlygameplayer", "pk": 36, "fields": {"game": 14, "player": 1, "team": "BLACK", "position": "MILIEU", "provided_codename": "CODE00", "codename_verified": true, "points_scored": 0, "games_won": 0, "games_lost": 1, "created_at": "2025-06-27T07:59:52.863Z"}}, {"model": "friendly_games.friendlygameplayer", "pk": 37, "fields": {"game": 14, "player": 2, "team": "WHITE", "position": "TIRER", "provided_codename": "CODE01", "codename_verified": true, "points_scored": 0, "games_won": 1, "games_lost": 0, "created_at": "2025-06-27T08:00:22.551Z"}}, {"model": "friendly_games.friendlygameplayer", "pk": 38, "fields": {"game": 15, "player": 1, "team": "BLACK", "position": "MILIEU", "provided_codename": "CODE00", "codename_verified": true, "points_scored": 0, "games_won": 0, "games_lost": 1, "created_at": "2025-06-27T08:04:00.432Z"}}, {"model": "friendly_games.friendlygameplayer", "pk": 39, "fields": {"game": 15, "player": 2, "team": "WHITE", "position": "TIRER", "provided_codename": "CODE01", "codename_verified": true, "points_scored": 0, "games_won": 1, "games_lost": 0, "created_at": "2025-06-27T08:04:23.119Z"}}, {"model": "friendly_games.friendlygameplayer", "pk": 40, "fields": {"game": 16, "player": 1, "team": "BLACK", "position": "MILIEU", "provided_codename": "CODE00", "codename_verified": true, "points_scored": 0, "games_won": 0, "games_lost": 1, "created_at": "2025-06-27T08:15:30.535Z"}}, {"model": "friendly_games.friendlygameplayer", "pk": 41, "fields": {"game": 16, "player": 2, "team": "WHITE", "position": "TIRER", "provided_codename": "CODE01", "codename_verified": true, "points_scored": 0, "games_won": 1, "games_lost": 0, "created_at": "2025-06-27T08:15:43.784Z"}}, {"model": "friendly_games.friendlygameplayer", "pk": 42, "fields": {"game": 17, "player": 1, "team": "BLACK", "position": "MILIEU", "provided_codename": "CODE00", "codename_verified": true, "points_scored": 0, "games_won": 1, "games_lost": 0, "created_at": "2025-06-27T08:16:31.677Z"}}, {"model": "friendly_games.friendlygameplayer", "pk": 43, "fields": {"game": 17, "player": 2, "team": "WHITE", "position": "TIRER", "provided_codename": "CODE01", "codename_verified": true, "points_scored": 0, "games_won": 0, "games_lost": 1, "created_at": "2025-06-27T08:17:07.077Z"}}, {"model": "friendly_games.friendlygameplayer", "pk": 44, "fields": {"game": 18, "player": 1, "team": "BLACK", "position": "MILIEU", "provided_codename": "CODE00", "codename_verified": true, "points_scored": 0, "games_won": 1, "games_lost": 0, "created_at": "2025-06-27T08:19:39.416Z"}}, {"model": "friendly_games.friendlygameplayer", "pk": 45, "fields": {"game": 18, "player": 3, "team": "BLACK", "position": "MILIEU", "provided_codename": "", "codename_verified": false, "points_scored": 0, "games_won": 1, "games_lost": 0, "created_at": "2025-06-27T08:19:39.417Z"}}, {"model": "friendly_games.friendlygameplayer", "pk": 46, "fields": {"game": 18, "player": 2, "team": "WHITE", "position": "TIRER", "provided_codename": "CODE01", "codename_verified": true, "points_scored": 0, "games_won": 0, "games_lost": 1, "created_at": "2025-06-27T08:20:12.090Z"}}, {"model": "friendly_games.friendlygameplayer", "pk": 47, "fields": {"game": 19, "player": 1, "team": "BLACK", "position": "MILIEU", "provided_codename": "CODE00", "codename_verified": true, "points_scored": 0, "games_won": 1, "games_lost": 0, "created_at": "2025-06-27T08:35:02.103Z"}}, {"model": "friendly_games.friendlygameplayer", "pk": 48, "fields": {"game": 19, "player": 3, "team": "BLACK", "position": "MILIEU", "provided_codename": "", "codename_verified": false, "points_scored": 0, "games_won": 1, "games_lost": 0, "created_at": "2025-06-27T08:35:02.104Z"}}, {"model": "friendly_games.friendlygameplayer", "pk": 49, "fields": {"game": 19, "player": 2, "team": "WHITE", "position": "TIRER", "provided_codename": "CODE01", "codename_verified": true, "points_scored": 0, "games_won": 0, "games_lost": 1, "created_at": "2025-06-27T08:35:19.925Z"}}, {"model": "friendly_games.friendlygameplayer", "pk": 50, "fields": {"game": 20, "player": 1, "team": "BLACK", "position": "MILIEU", "provided_codename": "CODE00", "codename_verified": true, "points_scored": 0, "games_won": 1, "games_lost": 0, "created_at": "2025-06-27T08:36:58.944Z"}}, {"model": "friendly_games.friendlygameplayer", "pk": 51, "fields": {"game": 20, "player": 3, "team": "BLACK", "position": "MILIEU", "provided_codename": "", "codename_verified": false, "points_scored": 0, "games_won": 1, "games_lost": 0, "created_at": "2025-06-27T08:36:58.945Z"}}, {"model": "friendly_games.friendlygameplayer", "pk": 52, "fields": {"game": 20, "player": 2, "team": "WHITE", "position": "TIRER", "provided_codename": "CODE01", "codename_verified": true, "points_scored": 0, "games_won": 0, "games_lost": 1, "created_at": "2025-06-27T08:37:15.416Z"}}, {"model": "friendly_games.friendlygameplayer", "pk": 53, "fields": {"game": 21, "player": 1, "team": "BLACK", "position": "MILIEU", "provided_codename": "CODE00", "codename_verified": true, "points_scored": 0, "games_won": 1, "games_lost": 0, "created_at": "2025-06-27T10:33:30.677Z"}}, {"model": "friendly_games.friendlygameplayer", "pk": 54, "fields": {"game": 21, "player": 3, "team": "WHITE", "position": "TIRER", "provided_codename": "CODE03", "codename_verified": true, "points_scored": 0, "games_won": 0, "games_lost": 1, "created_at": "2025-06-27T10:34:23.184Z"}}, {"model": "friendly_games.friendlygamestatistics", "pk": 1, "fields": {"player": 1, "total_games": 13, "total_wins": 6, "total_losses": 5, "total_points": 0, "pointer_games": 0, "milieu_games": 10, "tirer_games": 2, "flex_games": 0, "last_updated": "2025-06-27T10:34:43.776Z"}}, {"model": "friendly_games.friendlygamestatistics", "pk": 2, "fields": {"player": 2, "total_games": 9, "total_wins": 4, "total_losses": 5, "total_points": 0, "pointer_games": 0, "milieu_games": 2, "tirer_games": 7, "flex_games": 0, "last_updated": "2025-06-27T08:38:37.406Z"}}, {"model": "friendly_games.friendlygamestatistics", "pk": 3, "fields": {"player": 6, "total_games": 0, "total_wins": 0, "total_losses": 0, "total_points": 0, "pointer_games": 0, "milieu_games": 0, "tirer_games": 0, "flex_games": 0, "last_updated": "2025-06-21T01:24:18.963Z"}}, {"model": "friendly_games.friendlygamestatistics", "pk": 4, "fields": {"player": 5, "total_games": 0, "total_wins": 0, "total_losses": 0, "total_points": 0, "pointer_games": 0, "milieu_games": 0, "tirer_games": 0, "flex_games": 0, "last_updated": "2025-06-22T07:48:24.590Z"}}, {"model": "friendly_games.friendlygamestatistics", "pk": 5, "fields": {"player": 8, "total_games": 0, "total_wins": 0, "total_losses": 0, "total_points": 0, "pointer_games": 0, "milieu_games": 0, "tirer_games": 0, "flex_games": 0, "last_updated": "2025-06-21T01:36:10.923Z"}}, {"model": "friendly_games.friendlygamestatistics", "pk": 6, "fields": {"player": 4, "total_games": 0, "total_wins": 0, "total_losses": 0, "total_points": 0, "pointer_games": 0, "milieu_games": 0, "tirer_games": 0, "flex_games": 0, "last_updated": "2025-06-27T05:48:31.818Z"}}, {"model": "friendly_games.friendlygamestatistics", "pk": 7, "fields": {"player": 3, "total_games": 4, "total_wins": 1, "total_losses": 1, "total_points": 0, "pointer_games": 0, "milieu_games": 1, "tirer_games": 3, "flex_games": 0, "last_updated": "2025-06-27T10:34:43.782Z"}}, {"model": "friendly_games.friendlygameresult", "pk": 1, "fields": {"game": 1, "submitted_by_team": "WHITE", "validated_by_team": "BLACK", "validation_action": "agree", "submitter_codename": "CODE00", "validator_codename": "CODE01", "submitter_verified": true, "validator_verified": true, "notes": "", "submitted_at": "2025-06-20T16:56:03.246Z", "validated_at": "2025-06-20T16:56:41.543Z"}}, {"model": "friendly_games.friendlygameresult", "pk": 2, "fields": {"game": 2, "submitted_by_team": "BLACK", "validated_by_team": "WHITE", "validation_action": "agree", "submitter_codename": "CODE01", "validator_codename": "CODE00", "submitter_verified": true, "validator_verified": true, "notes": "", "submitted_at": "2025-06-20T17:04:18.589Z", "validated_at": "2025-06-20T17:04:41.452Z"}}, {"model": "friendly_games.friendlygameresult", "pk": 3, "fields": {"game": 9, "submitted_by_team": "WHITE", "validated_by_team": "BLACK", "validation_action": "agree", "submitter_codename": "CODE03", "validator_codename": "TREX00", "submitter_verified": true, "validator_verified": false, "notes": "", "submitted_at": "2025-06-27T05:42:17.809Z", "validated_at": "2025-06-27T05:48:31.793Z"}}, {"model": "friendly_games.friendlygameresult", "pk": 4, "fields": {"game": 10, "submitted_by_team": "BLACK", "validated_by_team": null, "validation_action": null, "submitter_codename": "CODE03", "validator_codename": "", "submitter_verified": false, "validator_verified": false, "notes": "", "submitted_at": "2025-06-27T05:53:45.368Z", "validated_at": null}}, {"model": "friendly_games.friendlygameresult", "pk": 5, "fields": {"game": 14, "submitted_by_team": "BLACK", "validated_by_team": "WHITE", "validation_action": "agree", "submitter_codename": "CODE01", "validator_codename": "CODE00", "submitter_verified": true, "validator_verified": false, "notes": "", "submitted_at": "2025-06-27T08:00:37.742Z", "validated_at": "2025-06-27T08:01:09.927Z"}}, {"model": "friendly_games.friendlygameresult", "pk": 6, "fields": {"game": 15, "submitted_by_team": "BLACK", "validated_by_team": "WHITE", "validation_action": "agree", "submitter_codename": "CODE01", "validator_codename": "CODE00", "submitter_verified": true, "validator_verified": false, "notes": "", "submitted_at": "2025-06-27T08:04:39.629Z", "validated_at": "2025-06-27T08:05:23.676Z"}}, {"model": "friendly_games.friendlygameresult", "pk": 7, "fields": {"game": 13, "submitted_by_team": "BLACK", "validated_by_team": null, "validation_action": null, "submitter_codename": "CODE03", "validator_codename": "", "submitter_verified": false, "validator_verified": false, "notes": "", "submitted_at": "2025-06-27T08:04:46.405Z", "validated_at": null}}, {"model": "friendly_games.friendlygameresult", "pk": 8, "fields": {"game": 16, "submitted_by_team": "WHITE", "validated_by_team": "BLACK", "validation_action": "agree", "submitter_codename": "CODE01", "validator_codename": "CODE00", "submitter_verified": true, "validator_verified": true, "notes": "", "submitted_at": "2025-06-27T08:15:58.468Z", "validated_at": "2025-06-27T08:16:12.097Z"}}, {"model": "friendly_games.friendlygameresult", "pk": 9, "fields": {"game": 17, "submitted_by_team": "WHITE", "validated_by_team": "BLACK", "validation_action": "agree", "submitter_codename": "", "validator_codename": "CODE00", "submitter_verified": false, "validator_verified": true, "notes": "", "submitted_at": "2025-06-27T08:17:38.127Z", "validated_at": "2025-06-27T08:17:53.393Z"}}, {"model": "friendly_games.friendlygameresult", "pk": 10, "fields": {"game": 18, "submitted_by_team": "BLACK", "validated_by_team": "WHITE", "validation_action": "agree", "submitter_codename": "CODE00", "validator_codename": "CODE03", "submitter_verified": true, "validator_verified": false, "notes": "", "submitted_at": "2025-06-27T08:20:29.251Z", "validated_at": "2025-06-27T08:20:52.991Z"}}, {"model": "friendly_games.friendlygameresult", "pk": 11, "fields": {"game": 19, "submitted_by_team": "BLACK", "validated_by_team": "WHITE", "validation_action": "agree", "submitter_codename": "CODE00", "validator_codename": "CODE03", "submitter_verified": true, "validator_verified": false, "notes": "", "submitted_at": "2025-06-27T08:35:42.749Z", "validated_at": "2025-06-27T08:35:52.388Z"}}, {"model": "friendly_games.friendlygameresult", "pk": 12, "fields": {"game": 20, "submitted_by_team": "WHITE", "validated_by_team": "BLACK", "validation_action": "agree", "submitter_codename": "CODE01", "validator_codename": "CODE00", "submitter_verified": true, "validator_verified": true, "notes": "", "submitted_at": "2025-06-27T08:38:06.671Z", "validated_at": "2025-06-27T08:38:37.378Z"}}, {"model": "friendly_games.friendlygameresult", "pk": 13, "fields": {"game": 21, "submitted_by_team": "WHITE", "validated_by_team": "BLACK", "validation_action": "agree", "submitter_codename": "CODE03", "validator_codename": "CODE00", "submitter_verified": true, "validator_verified": true, "notes": "", "submitted_at": "2025-06-27T10:34:35.020Z", "validated_at": "2025-06-27T10:34:43.761Z"}}]